DATE ; IP ; SOURCE ; DESTINATION ; PORT ; FLAG ; SEQ ; ACK ; WIN ; OPTIONS ; VAL ; ECR ; LENGTH
07:48:19.732369; ;BP-Linux8.ssh;192.168.190.222;61617:;P.;2767521980:2767522088;3024075344;291;nopnopTS;136694980;2033236869;108
07:48:19.732419; ;BP-Linux8.ssh;192.168.190.222;61617:;P.;108:144;1;291;nopnopTS;136694980;2033236869;36
07:48:19.732448; ;BP-Linux8.ssh;192.168.190.222;61617:;P.;144:252;1;291;nopnopTS;136694980;2033236869;108
07:48:19.732472; ;BP-Linux8.ssh;192.168.190.222;61617:;P.;252:288;1;291;nopnopTS;136694980;2033236869;36
07:48:19.737919; ;192.168.190.222.61617;BP-Linux8;ssh:;.; ;108;2046;nopnopTS;2033237655;136694980;0
07:48:19.737993; ;192.168.190.222.61617;BP-Linux8;ssh:;.; ;144;2047;nopnopTS;2033237655;136694980;0
07:48:19.738012; ;192.168.190.222.61617;BP-Linux8;ssh:;.; ;252;2046;nopnopTS;2033237655;136694980;0
07:48:19.738112; ;192.168.190.222.61617;BP-Linux8;ssh:;.; ;288;2047;nopnopTS;2033237655;136694980;0
07:48:20.733627; ;BP-Linux8.49710;ns1.lan.rt;domain:; ; ; ; ; ; ; ; 
07:48:20.734593; ;ns1.lan.rt.domain;BP-Linux8;49710:; ; ; ; ; ; ; ; 
07:48:21.243601; ;192.168.190.222.61599;BP-Linux8;ssh:;P.;234188084:234188120;915563485;2048;nopnopTS;2033239158;136687195;36
07:48:21.244153; ;BP-Linux8.ssh;192.168.190.222;61599:;P.;1:37;36;291;nopnopTS;136695358;2033239158;36
07:48:21.246053; ;BP-Linux8.54575;ns1.lan.rt;domain:; ; ; ; ; ; ; ; 
07:48:21.249648; ;192.168.190.222.61599;BP-Linux8;ssh:;.; ;37;2047;nopnopTS;2033239164;136695358;0
07:48:21.273815; ;ns1.lan.rt.domain;BP-Linux8;54575:; ; ; ; ; ; ; ; 
07:48:21.279679; ;BP-Linux8.ssh;192.168.190.222;61599:;P.;37:145;36;291;nopnopTS;136695367;2033239164;108
07:48:21.279716; ;BP-Linux8.ssh;192.168.190.222;61599:;P.;145:181;36;291;nopnopTS;136695367;2033239164;36
07:48:21.279742; ;164.100.61.151.1511;52.94.228.167;http:;S;1195841279:1195841399; ;512; ; ; ;120:
07:48:21.279768; ;164.100.61.151.1512;52.94.228.167;http:;S;477491976:477492096; ;512; ; ; ;120:
07:48:21.279789; ;164.100.61.151.1513;52.94.228.167;http:;S;200191722:200191842; ;512; ; ; ;120:
07:48:21.279809; ;164.100.61.151.1514;52.94.228.167;http:;S;1846444293:1846444413; ;512; ; ; ;120:
07:48:21.279829; ;164.100.61.151.1515;52.94.228.167;http:;S;1210409127:1210409247; ;512; ; ; ;120:
07:48:21.279848; ;164.100.61.151.1516;52.94.228.167;http:;S;1446674092:1446674212; ;512; ; ; ;120:
07:48:21.279868; ;164.100.61.151.1517;52.94.228.167;http:;S;945243139:945243259; ;512; ; ; ;120:
07:48:21.279887; ;164.100.61.151.1518;52.94.228.167;http:;S;67952647:67952767; ;512; ; ; ;120:
07:48:21.279907; ;164.100.61.151.1519;52.94.228.167;http:;S;1684914822:1684914942; ;512; ; ; ;120:
07:48:21.279926; ;164.100.61.151.1520;52.94.228.167;http:;S;1267109739:1267109859; ;512; ; ; ;120:
07:48:21.279946; ;164.100.61.151.1521;52.94.228.167;http:;S;1743382226:1743382346; ;512; ; ; ;120:
07:48:21.279965; ;164.100.61.151.1522;52.94.228.167;http:;S;1983682305:1983682425; ;512; ; ; ;120:
07:48:21.279985; ;164.100.61.151.1523;52.94.228.167;http:;S;485665276:485665396; ;512; ; ; ;120:
07:48:21.280004; ;164.100.61.151.ingreslock;52.94.228.167;http:;S;436319253:436319373; ;512; ; ; ;120:
07:48:21.280024; ;164.100.61.151.prospero-np;52.94.228.167;http:;S;166426534:166426654; ;512; ; ; ;120:
07:48:21.280043; ;164.100.61.151.1526;52.94.228.167;http:;S;88136788:88136908; ;512; ; ; ;120:
07:48:21.280060; ;164.100.61.151.1527;52.94.228.167;http:;S;92498004:92498124; ;512; ; ; ;120:
07:48:21.280077; ;164.100.61.151.1528;52.94.228.167;http:;S;26554994:26555114; ;512; ; ; ;120:
07:48:21.280094; ;164.100.61.151.support;52.94.228.167;http:;S;1693892343:1693892463; ;512; ; ; ;120:
07:48:21.280111; ;164.100.61.151.1530;52.94.228.167;http:;S;1058126566:1058126686; ;512; ; ; ;120:
07:48:21.280128; ;164.100.61.151.1531;52.94.228.167;http:;S;476272567:476272687; ;512; ; ; ;120:
07:48:21.280144; ;164.100.61.151.1532;52.94.228.167;http:;S;1679155844:1679155964; ;512; ; ; ;120:
07:48:21.280161; ;164.100.61.151.1533;52.94.228.167;http:;S;487065773:487065893; ;512; ; ; ;120:
07:48:21.280177; ;164.100.61.151.1534;52.94.228.167;http:;S;750271194:750271314; ;512; ; ; ;120:
07:48:21.280194; ;164.100.61.151.1535;52.94.228.167;http:;S;667260894:667261014; ;512; ; ; ;120:
07:48:21.280211; ;164.100.61.151.1536;52.94.228.167;http:;S;1866328211:1866328331; ;512; ; ; ;120:
07:48:21.280228; ;164.100.61.151.1537;52.94.228.167;http:;S;397507924:397508044; ;512; ; ; ;120:
07:48:21.280245; ;164.100.61.151.1538;52.94.228.167;http:;S;19976348:19976468; ;512; ; ; ;120:
07:48:21.280261; ;164.100.61.151.1539;52.94.228.167;http:;S;747599156:747599276; ;512; ; ; ;120:
07:48:21.280279; ;164.100.61.151.1540;52.94.228.167;http:;S;1831426198:1831426318; ;512; ; ; ;120:
07:48:21.280296; ;164.100.61.151.1541;52.94.228.167;http:;S;444933647:444933767; ;512; ; ; ;120:
07:48:21.280312; ;164.100.61.151.1542;52.94.228.167;http:;S;2078930080:2078930200; ;512; ; ; ;120:
07:48:21.280329; ;164.100.61.151.1543;52.94.228.167;http:;S;768456527:768456647; ;512; ; ; ;120:
07:48:21.280352; ;164.100.61.151.1544;52.94.228.167;http:;S;1008672008:1008672128; ;512; ; ; ;120:
07:48:21.280369; ;164.100.61.151.1545;52.94.228.167;http:;S;351053520:351053640; ;512; ; ; ;120:
07:48:21.280386; ;164.100.61.151.1546;52.94.228.167;http:;S;6010191:6010311; ;512; ; ; ;120:
07:48:21.280403; ;164.100.61.151.1547;52.94.228.167;http:;S;1420216112:1420216232; ;512; ; ; ;120:
07:48:21.280420; ;164.100.61.151.1548;52.94.228.167;http:;S;1243947127:1243947247; ;512; ; ; ;120:
07:48:21.280436; ;164.100.61.151.1549;52.94.228.167;http:;S;1692639531:1692639651; ;512; ; ; ;120:
07:48:21.280453; ;164.100.61.151.1550;52.94.228.167;http:;S;156240850:156240970; ;512; ; ; ;120:
07:48:21.280469; ;164.100.61.151.1551;52.94.228.167;http:;S;49344471:49344591; ;512; ; ; ;120:
07:48:21.280487; ;164.100.61.151.1552;52.94.228.167;http:;S;967848974:967849094; ;512; ; ; ;120:
07:48:21.280504; ;164.100.61.151.1553;52.94.228.167;http:;S;600469367:600469487; ;512; ; ; ;120:
07:48:21.280520; ;164.100.61.151.1554;52.94.228.167;http:;S;1580354575:1580354695; ;512; ; ; ;120:
07:48:21.280537; ;164.100.61.151.1555;52.94.228.167;http:;S;48856555:48856675; ;512; ; ; ;120:
07:48:21.280553; ;164.100.61.151.1556;52.94.228.167;http:;S;467369139:467369259; ;512; ; ; ;120:
07:48:21.280570; ;164.100.61.151.1557;52.94.228.167;http:;S;776545465:776545585; ;512; ; ; ;120:
07:48:21.280586; ;164.100.61.151.1558;52.94.228.167;http:;S;1068883539:1068883659; ;512; ; ; ;120:
07:48:21.280603; ;164.100.61.151.1559;52.94.228.167;http:;S;1370938353:1370938473; ;512; ; ; ;120:
07:48:21.280620; ;164.100.61.151.1560;52.94.228.167;http:;S;1229118604:1229118724; ;512; ; ; ;120:
07:48:21.280636; ;164.100.61.151.1561;52.94.228.167;http:;S;1701550858:1701550978; ;512; ; ; ;120:
07:48:21.280653; ;164.100.61.151.1562;52.94.228.167;http:;S;1117024035:1117024155; ;512; ; ; ;120:
07:48:21.280678; ;164.100.61.151.1563;52.94.228.167;http:;S;1154693978:1154694098; ;512; ; ; ;120:
07:48:21.280694; ;164.100.61.151.1564;52.94.228.167;http:;S;154142812:154142932; ;512; ; ; ;120:
07:48:21.280711; ;164.100.61.151.1565;52.94.228.167;http:;S;1013125381:1013125501; ;512; ; ; ;120:
07:48:21.280727; ;164.100.61.151.1566;52.94.228.167;http:;S;103935281:103935401; ;512; ; ; ;120:
07:48:21.280744; ;164.100.61.151.1567;52.94.228.167;http:;S;1440384373:1440384493; ;512; ; ; ;120:
07:48:21.280761; ;164.100.61.151.1568;52.94.228.167;http:;S;1125013285:1125013405; ;512; ; ; ;120:
07:48:21.280777; ;164.100.61.151.1569;52.94.228.167;http:;S;1325282013:1325282133; ;512; ; ; ;120:
07:48:21.280793; ;164.100.61.151.1570;52.94.228.167;http:;S;641306065:641306185; ;512; ; ; ;120:
07:48:21.280810; ;164.100.61.151.1571;52.94.228.167;http:;S;904511639:904511759; ;512; ; ; ;120:
07:48:21.280833; ;164.100.61.151.1572;52.94.228.167;http:;S;412348735:412348855; ;512; ; ; ;120:
07:48:21.280865; ;164.100.61.151.1573;52.94.228.167;http:;S;1243747432:1243747552; ;512; ; ; ;120:
07:48:21.280886; ;164.100.61.151.1574;52.94.228.167;http:;S;2019680610:2019680730; ;512; ; ; ;120:
07:48:21.280905; ;164.100.61.151.1575;52.94.228.167;http:;S;1601336629:1601336749; ;512; ; ; ;120:
07:48:21.280924; ;164.100.61.151.1576;52.94.228.167;http:;S;339769011:339769131; ;512; ; ; ;120:
07:48:21.280944; ;164.100.61.151.1577;52.94.228.167;http:;S;388471593:388471713; ;512; ; ; ;120:
07:48:21.280963; ;164.100.61.151.1578;52.94.228.167;http:;S;1020176841:1020176961; ;512; ; ; ;120:
07:48:21.280983; ;164.100.61.151.1579;52.94.228.167;http:;S;1331348232:1331348352; ;512; ; ; ;120:
07:48:21.281002; ;164.100.61.151.1580;52.94.228.167;http:;S;867141651:867141771; ;512; ; ; ;120:
07:48:21.281019; ;164.100.61.151.1581;52.94.228.167;http:;S;1931281594:1931281714; ;512; ; ; ;120:
07:48:21.281035; ;164.100.61.151.1582;52.94.228.167;http:;S;278145238:278145358; ;512; ; ; ;120:
07:48:21.281052; ;164.100.61.151.1583;52.94.228.167;http:;S;1170548853:1170548973; ;512; ; ; ;120:
07:48:21.281070; ;164.100.61.151.1584;52.94.228.167;http:;S;913994509:913994629; ;512; ; ; ;120:
07:48:21.281098; ;164.100.61.151.1585;52.94.228.167;http:;S;1088836781:1088836901; ;512; ; ; ;120:
07:48:21.281119; ;164.100.61.151.1586;52.94.228.167;http:;S;1743932226:1743932346; ;512; ; ; ;120:
07:48:21.281136; ;164.100.61.151.1587;52.94.228.167;http:;S;1199166333:1199166453; ;512; ; ; ;120:
07:48:21.281152; ;164.100.61.151.1588;52.94.228.167;http:;S;231084569:231084689; ;512; ; ; ;120:
07:48:21.281168; ;164.100.61.151.1589;52.94.228.167;http:;S;2056054121:2056054241; ;512; ; ; ;120:
07:48:21.281185; ;164.100.61.151.1590;52.94.228.167;http:;S;1602562397:1602562517; ;512; ; ; ;120:
07:48:21.281201; ;164.100.61.151.1591;52.94.228.167;http:;S;99728003:99728123; ;512; ; ; ;120:
07:48:21.281222; ;164.100.61.151.1592;52.94.228.167;http:;S;1396585445:1396585565; ;512; ; ; ;120:
07:48:21.281248; ;164.100.61.151.1593;52.94.228.167;http:;S;167707814:167707934; ;512; ; ; ;120:
07:48:21.281265; ;164.100.61.151.1594;52.94.228.167;http:;S;1862756384:1862756504; ;512; ; ; ;120:
07:48:21.281281; ;164.100.61.151.1595;52.94.228.167;http:;S;193423024:193423144; ;512; ; ; ;120:
07:48:21.281297; ;164.100.61.151.1596;52.94.228.167;http:;S;467800410:467800530; ;512; ; ; ;120:
07:48:21.281314; ;164.100.61.151.1597;52.94.228.167;http:;S;642340176:642340296; ;512; ; ; ;120:
07:48:21.281330; ;164.100.61.151.1598;52.94.228.167;http:;S;9943047:9943167; ;512; ; ; ;120:
07:48:21.281347; ;164.100.61.151.1599;52.94.228.167;http:;S;1843105958:1843106078; ;512; ; ; ;120:
07:48:21.281363; ;164.100.61.151.1600;52.94.228.167;http:;S;1024659977:1024660097; ;512; ; ; ;120:
07:48:21.281380; ;164.100.61.151.1601;52.94.228.167;http:;S;343394818:343394938; ;512; ; ; ;120:
07:48:21.281397; ;164.100.61.151.1602;52.94.228.167;http:;S;703822120:703822240; ;512; ; ; ;120:
07:48:21.281413; ;164.100.61.151.1603;52.94.228.167;http:;S;370806971:370807091; ;512; ; ; ;120:
07:48:21.281430; ;164.100.61.151.1604;52.94.228.167;http:;S;588096803:588096923; ;512; ; ; ;120:
07:48:21.281446; ;164.100.61.151.1605;52.94.228.167;http:;S;1227888577:1227888697; ;512; ; ; ;120:
07:48:21.281463; ;164.100.61.151.1606;52.94.228.167;http:;S;1744035275:1744035395; ;512; ; ; ;120:
07:48:21.281479; ;164.100.61.151.1607;52.94.228.167;http:;S;328822260:328822380; ;512; ; ; ;120:
07:48:21.281495; ;164.100.61.151.1608;52.94.228.167;http:;S;1665688421:1665688541; ;512; ; ; ;120:
07:48:21.281512; ;164.100.61.151.1609;52.94.228.167;http:;S;332359656:332359776; ;512; ; ; ;120:
07:48:21.281528; ;164.100.61.151.1610;52.94.228.167;http:;S;1955151493:1955151613; ;512; ; ; ;120:
07:48:21.281544; ;164.100.61.151.1611;52.94.228.167;http:;S;958754639:958754759; ;512; ; ; ;120:
07:48:21.281561; ;164.100.61.151.1612;52.94.228.167;http:;S;1421934337:1421934457; ;512; ; ; ;120:
07:48:21.281577; ;164.100.61.151.1613;52.94.228.167;http:;S;1475352176:1475352296; ;512; ; ; ;120:
07:48:21.281594; ;164.100.61.151.1614;52.94.228.167;http:;S;142073363:142073483; ;512; ; ; ;120:
07:48:21.281610; ;164.100.61.151.1615;52.94.228.167;http:;S;483576053:483576173; ;512; ; ; ;120:
07:48:21.281626; ;164.100.61.151.1616;52.94.228.167;http:;S;1441213381:1441213501; ;512; ; ; ;120:
07:48:21.281648; ;164.100.61.151.1617;52.94.228.167;http:;S;463950277:463950397; ;512; ; ; ;120:
07:48:21.281666; ;164.100.61.151.1618;52.94.228.167;http:;S;898436721:898436841; ;512; ; ; ;120:
07:48:21.281683; ;164.100.61.151.1619;52.94.228.167;http:;S;828273636:828273756; ;512; ; ; ;120:
07:48:21.281699; ;164.100.61.151.1620;52.94.228.167;http:;S;162031495:162031615; ;512; ; ; ;120:
07:48:21.281716; ;164.100.61.151.1621;52.94.228.167;http:;S;502272694:502272814; ;512; ; ; ;120:
07:48:21.281733; ;164.100.61.151.1622;52.94.228.167;http:;S;1948725238:1948725358; ;512; ; ; ;120:
07:48:21.281749; ;164.100.61.151.1623;52.94.228.167;http:;S;1603007276:1603007396; ;512; ; ; ;120:
07:48:21.281766; ;164.100.61.151.1624;52.94.228.167;http:;S;1780310271:1780310391; ;512; ; ; ;120:
07:48:21.281793; ;164.100.61.151.1625;52.94.228.167;http:;S;48423310:48423430; ;512; ; ; ;120:
07:48:21.281813; ;164.100.61.151.1626;52.94.228.167;http:;S;895736715:895736835; ;512; ; ; ;120:
07:48:21.281832; ;164.100.61.151.1627;52.94.228.167;http:;S;495083598:495083718; ;512; ; ; ;120:
07:48:21.281851; ;164.100.61.151.1628;52.94.228.167;http:;S;1636287785:1636287905; ;512; ; ; ;120:
07:48:21.281870; ;164.100.61.151.1629;52.94.228.167;http:;S;34325026:34325146; ;512; ; ; ;120:
07:48:21.281889; ;164.100.61.151.1630;52.94.228.167;http:;S;1827268575:1827268695; ;512; ; ; ;120:
07:48:21.281909; ;164.100.61.151.1631;52.94.228.167;http:;S;1597327466:1597327586; ;512; ; ; ;120:
07:48:21.281928; ;164.100.61.151.1632;52.94.228.167;http:;S;1835380165:1835380285; ;512; ; ; ;120:
07:48:21.281947; ;164.100.61.151.1633;52.94.228.167;http:;S;1097765143:1097765263; ;512; ; ; ;120:
07:48:21.281967; ;164.100.61.151.1634;52.94.228.167;http:;S;1902773021:1902773141; ;512; ; ; ;120:
07:48:21.281983; ;164.100.61.151.1635;52.94.228.167;http:;S;543533306:543533426; ;512; ; ; ;120:
07:48:21.281999; ;164.100.61.151.1636;52.94.228.167;http:;S;395418222:395418342; ;512; ; ; ;120:
07:48:21.282016; ;164.100.61.151.1637;52.94.228.167;http:;S;1054979396:1054979516; ;512; ; ; ;120:
07:48:21.282032; ;164.100.61.151.1638;52.94.228.167;http:;S;703555441:703555561; ;512; ; ; ;120:
07:48:21.282048; ;164.100.61.151.1639;52.94.228.167;http:;S;1006834778:1006834898; ;512; ; ; ;120:
07:48:21.282065; ;164.100.61.151.1640;52.94.228.167;http:;S;149693416:149693536; ;512; ; ; ;120:
07:48:21.282081; ;164.100.61.151.1641;52.94.228.167;http:;S;87282847:87282967; ;512; ; ; ;120:
07:48:21.282098; ;164.100.61.151.1642;52.94.228.167;http:;S;1778357712:1778357832; ;512; ; ; ;120:
07:48:21.282114; ;164.100.61.151.1643;52.94.228.167;http:;S;202401404:202401524; ;512; ; ; ;120:
07:48:21.282131; ;164.100.61.151.1644;52.94.228.167;http:;S;1129733394:1129733514; ;512; ; ; ;120:
07:48:21.282147; ;164.100.61.151.datametrics;52.94.228.167;http:;S;407459751:407459871; ;512; ; ; ;120:
07:48:21.282163; ;164.100.61.151.sa-msg-port;52.94.228.167;http:;S;666640175:666640295; ;512; ; ; ;120:
07:48:21.282180; ;164.100.61.151.1647;52.94.228.167;http:;S;1201004400:1201004520; ;512; ; ; ;120:
07:48:21.282196; ;164.100.61.151.1648;52.94.228.167;http:;S;327019055:327019175; ;512; ; ; ;120:
07:48:21.282213; ;164.100.61.151.kermit;52.94.228.167;http:;S;1090604509:1090604629; ;512; ; ; ;120:
07:48:21.282229; ;164.100.61.151.1650;52.94.228.167;http:;S;25067104:25067224; ;512; ; ; ;120:
07:48:21.282245; ;164.100.61.151.1651;52.94.228.167;http:;S;1587405629:1587405749; ;512; ; ; ;120:
07:48:21.282262; ;164.100.61.151.1652;52.94.228.167;http:;S;1984925484:1984925604; ;512; ; ; ;120:
07:48:21.282278; ;164.100.61.151.1653;52.94.228.167;http:;S;1018868259:1018868379; ;512; ; ; ;120:
07:48:21.282294; ;164.100.61.151.1654;52.94.228.167;http:;S;292241231:292241351; ;512; ; ; ;120:
07:48:21.282311; ;164.100.61.151.1655;52.94.228.167;http:;S;1585354670:1585354790; ;512; ; ; ;120:
07:48:21.282327; ;164.100.61.151.1656;52.94.228.167;http:;S;651664591:651664711; ;512; ; ; ;120:
07:48:21.282344; ;164.100.61.151.1657;52.94.228.167;http:;S;534391357:534391477; ;512; ; ; ;120:
07:48:21.282360; ;164.100.61.151.1658;52.94.228.167;http:;S;1728618566:1728618686; ;512; ; ; ;120:
07:48:21.282376; ;164.100.61.151.1659;52.94.228.167;http:;S;1575666708:1575666828; ;512; ; ; ;120:
07:48:21.282393; ;164.100.61.151.1660;52.94.228.167;http:;S;109860809:109860929; ;512; ; ; ;120:
07:48:21.282409; ;164.100.61.151.1661;52.94.228.167;http:;S;1305953091:1305953211; ;512; ; ; ;120:
07:48:21.282425; ;164.100.61.151.1662;52.94.228.167;http:;S;318820078:318820198; ;512; ; ; ;120:
07:48:21.282442; ;164.100.61.151.1663;52.94.228.167;http:;S;1131325583:1131325703; ;512; ; ; ;120:
07:48:21.282458; ;164.100.61.151.1664;52.94.228.167;http:;S;546267452:546267572; ;512; ; ; ;120:
07:48:21.282475; ;164.100.61.151.1665;52.94.228.167;http:;S;466418708:466418828; ;512; ; ; ;120:
07:48:21.282491; ;164.100.61.151.1666;52.94.228.167;http:;S;1435312657:1435312777; ;512; ; ; ;120:
07:48:21.282507; ;164.100.61.151.1667;52.94.228.167;http:;S;1700883872:1700883992; ;512; ; ; ;120:
07:48:21.282524; ;164.100.61.151.1668;52.94.228.167;http:;S;170628102:170628222; ;512; ; ; ;120:
07:48:21.282540; ;164.100.61.151.1669;52.94.228.167;http:;S;1843068084:1843068204; ;512; ; ; ;120:
07:48:21.282564; ;164.100.61.151.1670;52.94.228.167;http:;S;1282587654:1282587774; ;512; ; ; ;120:
07:48:21.282581; ;164.100.61.151.1671;52.94.228.167;http:;S;786363874:786363994; ;512; ; ; ;120:
07:48:21.282598; ;164.100.61.151.1672;52.94.228.167;http:;S;441679593:441679713; ;512; ; ; ;120:
07:48:21.282614; ;164.100.61.151.1673;52.94.228.167;http:;S;2026892523:2026892643; ;512; ; ; ;120:
07:48:21.282631; ;164.100.61.151.1674;52.94.228.167;http:;S;1449436772:1449436892; ;512; ; ; ;120:
07:48:21.282647; ;164.100.61.151.1675;52.94.228.167;http:;S;1986529383:1986529503; ;512; ; ; ;120:
07:48:21.282664; ;164.100.61.151.1676;52.94.228.167;http:;S;1898146458:1898146578; ;512; ; ; ;120:
07:48:21.282680; ;164.100.61.151.groupwise;52.94.228.167;http:;S;1850928172:1850928292; ;512; ; ; ;120:
07:48:21.282704; ;164.100.61.151.1678;52.94.228.167;http:;S;898395278:898395398; ;512; ; ; ;120:
07:48:21.282724; ;164.100.61.151.1679;52.94.228.167;http:;S;1515050479:1515050599; ;512; ; ; ;120:
07:48:21.282744; ;164.100.61.151.1680;52.94.228.167;http:;S;496530987:496531107; ;512; ; ; ;120:
07:48:21.282763; ;164.100.61.151.1681;52.94.228.167;http:;S;15387556:15387676; ;512; ; ; ;120:
07:48:21.282782; ;164.100.61.151.1682;52.94.228.167;http:;S;1659025814:1659025934; ;512; ; ; ;120:
07:48:21.282802; ;164.100.61.151.1683;52.94.228.167;http:;S;969920302:969920422; ;512; ; ; ;120:
07:48:21.284860; ;164.100.61.151.1684;52.94.228.167;http:;S;1114422927:1114423047; ;512; ; ; ;120:
07:48:21.284892; ;164.100.61.151.1685;52.94.228.167;http:;S;237291273:237291393; ;512; ; ; ;120:
07:48:21.284915; ;164.100.61.151.1686;52.94.228.167;http:;S;2071363658:2071363778; ;512; ; ; ;120:
07:48:21.284935; ;164.100.61.151.1687;52.94.228.167;http:;S;825853728:825853848; ;512; ; ; ;120:
07:48:21.284955; ;164.100.61.151.1688;52.94.228.167;http:;S;1330120136:1330120256; ;512; ; ; ;120:
07:48:21.284972; ;164.100.61.151.1689;52.94.228.167;http:;S;1017814154:1017814274; ;512; ; ; ;120:
07:48:21.284988; ;164.100.61.151.1690;52.94.228.167;http:;S;1464602489:1464602609; ;512; ; ; ;120:
07:48:21.285004; ;164.100.61.151.1691;52.94.228.167;http:;S;632862302:632862422; ;512; ; ; ;120:
07:48:21.285021; ;164.100.61.151.1692;52.94.228.167;http:;S;1976030334:1976030454; ;512; ; ; ;120:
07:48:21.285037; ;164.100.61.151.1693;52.94.228.167;http:;S;1517959366:1517959486; ;512; ; ; ;120:
07:48:21.285053; ;164.100.61.151.1694;52.94.228.167;http:;S;389974981:389975101; ;512; ; ; ;120:
07:48:21.285070; ;164.100.61.151.1695;52.94.228.167;http:;S;1285828281:1285828401; ;512; ; ; ;120:
07:48:21.285086; ;164.100.61.151.1696;52.94.228.167;http:;S;376970677:376970797; ;512; ; ; ;120:
07:48:21.285106; ;192.168.190.222.61599;BP-Linux8;ssh:;.; ;145;2046;nopnopTS;2033239199;136695367;0
07:48:21.285121; ;164.100.61.151.1697;52.94.228.167;http:;S;1246198474:1246198594; ;512; ; ; ;120:
07:48:21.285142; ;164.100.61.151.1698;52.94.228.167;http:;S;1299428249:1299428369; ;512; ; ; ;120:
07:48:21.285161; ;164.100.61.151.1699;52.94.228.167;http:;S;707288104:707288224; ;512; ; ; ;120:
07:48:21.285181; ;164.100.61.151.1700;52.94.228.167;http:;S;1312846122:1312846242; ;512; ; ; ;120:
07:48:21.285199; ;192.168.190.222.61599;BP-Linux8;ssh:;.; ;181;2047;nopnopTS;2033239199;136695367;0
07:48:21.285217; ;164.100.61.151.l2f;52.94.228.167;http:;S;103722663:103722783; ;512; ; ; ;120:
07:48:21.285238; ;164.100.61.151.1702;52.94.228.167;http:;S;13765248:13765368; ;512; ; ; ;120:
07:48:21.285258; ;164.100.61.151.1703;52.94.228.167;http:;S;1484653471:1484653591; ;512; ; ; ;120:
07:48:21.285277; ;164.100.61.151.1704;52.94.228.167;http:;S;100828911:100829031; ;512; ; ; ;120:
07:48:21.285297; ;164.100.61.151.1705;52.94.228.167;http:;S;1606695638:1606695758; ;512; ; ; ;120:
07:48:21.285317; ;164.100.61.151.1706;52.94.228.167;http:;S;1546332089:1546332209; ;512; ; ; ;120:
07:48:21.285333; ;164.100.61.151.1707;52.94.228.167;http:;S;1817884724:1817884844; ;512; ; ; ;120:
07:48:21.285350; ;164.100.61.151.1708;52.94.228.167;http:;S;2124798066:2124798186; ;512; ; ; ;120:
07:48:21.285366; ;164.100.61.151.1709;52.94.228.167;http:;S;1217983746:1217983866; ;512; ; ; ;120:
07:48:21.285382; ;164.100.61.151.1710;52.94.228.167;http:;S;612492243:612492363; ;512; ; ; ;120:
07:48:21.285399; ;164.100.61.151.1711;52.94.228.167;http:;S;804854544:804854664; ;512; ; ; ;120:
07:48:21.285415; ;164.100.61.151.1712;52.94.228.167;http:;S;1810458206:1810458326; ;512; ; ; ;120:
07:48:21.285432; ;164.100.61.151.1713;52.94.228.167;http:;S;993361747:993361867; ;512; ; ; ;120:
07:48:21.285448; ;164.100.61.151.1714;52.94.228.167;http:;S;1470969116:1470969236; ;512; ; ; ;120:
07:48:21.285464; ;164.100.61.151.1715;52.94.228.167;http:;S;62735945:62736065; ;512; ; ; ;120:
07:48:21.285481; ;164.100.61.151.1716;52.94.228.167;http:;S;1300920803:1300920923; ;512; ; ; ;120:
07:48:21.285497; ;164.100.61.151.1717;52.94.228.167;http:;S;814436405:814436525; ;512; ; ; ;120:
07:48:21.285513; ;164.100.61.151.1718;52.94.228.167;http:;S;1576620127:1576620247; ;512; ; ; ;120:
07:48:21.285530; ;164.100.61.151.1719;52.94.228.167;http:;S;622624808:622624928; ;512; ; ; ;120:
07:48:21.285546; ;164.100.61.151.1720;52.94.228.167;http:;S;1117748252:1117748372; ;512; ; ; ;120:
07:48:21.285562; ;164.100.61.151.1721;52.94.228.167;http:;S;231625650:231625770; ;512; ; ; ;120:
07:48:21.285579; ;164.100.61.151.1722;52.94.228.167;http:;S;744602954:744603074; ;512; ; ; ;120:
07:48:21.285595; ;164.100.61.151.1723;52.94.228.167;http:;S;337743202:337743322; ;512; ; ; ;120:
07:48:21.285612; ;164.100.61.151.1724;52.94.228.167;http:;S;529005759:529005879; ;512; ; ; ;120:
07:48:21.285628; ;164.100.61.151.1725;52.94.228.167;http:;S;1708365607:1708365727; ;512; ; ; ;120:
07:48:21.285645; ;164.100.61.151.1726;52.94.228.167;http:;S;866683731:866683851; ;512; ; ; ;120:
07:48:21.285661; ;164.100.61.151.1727;52.94.228.167;http:;S;528414456:528414576; ;512; ; ; ;120:
07:48:21.285678; ;164.100.61.151.1728;52.94.228.167;http:;S;1939756256:1939756376; ;512; ; ; ;120:
07:48:21.285694; ;164.100.61.151.1729;52.94.228.167;http:;S;2105170086:2105170206; ;512; ; ; ;120:
07:48:21.285711; ;164.100.61.151.1730;52.94.228.167;http:;S;1731944048:1731944168; ;512; ; ; ;120:
07:48:21.285727; ;164.100.61.151.1731;52.94.228.167;http:;S;2132924266:2132924386; ;512; ; ; ;120:
07:48:21.285744; ;164.100.61.151.1732;52.94.228.167;http:;S;1264349755:1264349875; ;512; ; ; ;120:
07:48:21.285760; ;164.100.61.151.1733;52.94.228.167;http:;S;1287469410:1287469530; ;512; ; ; ;120:
07:48:21.285776; ;164.100.61.151.1734;52.94.228.167;http:;S;1539453054:1539453174; ;512; ; ; ;120:
07:48:21.285793; ;164.100.61.151.1735;52.94.228.167;http:;S;2121129600:2121129720; ;512; ; ; ;120:
07:48:21.285809; ;164.100.61.151.1736;52.94.228.167;http:;S;344227388:344227508; ;512; ; ; ;120:
07:48:21.285825; ;164.100.61.151.1737;52.94.228.167;http:;S;2050045805:2050045925; ;512; ; ; ;120:
07:48:21.285842; ;164.100.61.151.1738;52.94.228.167;http:;S;466534983:466535103; ;512; ; ; ;120:
07:48:21.285858; ;164.100.61.151.1739;52.94.228.167;http:;S;2013460283:2013460403; ;512; ; ; ;120:
07:48:21.285874; ;164.100.61.151.1740;52.94.228.167;http:;S;1466354507:1466354627; ;512; ; ; ;120:
07:48:21.285891; ;164.100.61.151.1741;52.94.228.167;http:;S;1585193547:1585193667; ;512; ; ; ;120:
07:48:21.285907; ;164.100.61.151.1742;52.94.228.167;http:;S;1027348299:1027348419; ;512; ; ; ;120:
07:48:21.285924; ;164.100.61.151.1743;52.94.228.167;http:;S;1603276970:1603277090; ;512; ; ; ;120:
07:48:21.285940; ;164.100.61.151.1744;52.94.228.167;http:;S;11374010:11374130; ;512; ; ; ;120:
07:48:21.285957; ;164.100.61.151.1745;52.94.228.167;http:;S;2017575831:2017575951; ;512; ; ; ;120:
07:48:21.285973; ;164.100.61.151.1746;52.94.228.167;http:;S;1242167435:1242167555; ;512; ; ; ;120:
07:48:21.285990; ;164.100.61.151.1747;52.94.228.167;http:;S;1133553273:1133553393; ;512; ; ; ;120:
07:48:21.286006; ;164.100.61.151.1748;52.94.228.167;http:;S;358686103:358686223; ;512; ; ; ;120:
07:48:21.286023; ;164.100.61.151.1749;52.94.228.167;http:;S;494186051:494186171; ;512; ; ; ;120:
07:48:21.286039; ;164.100.61.151.1750;52.94.228.167;http:;S;15194278:15194398; ;512; ; ; ;120:
07:48:21.286057; ;164.100.61.151.1751;52.94.228.167;http:;S;39459036:39459156; ;512; ; ; ;120:
07:48:21.286074; ;164.100.61.151.1752;52.94.228.167;http:;S;798605975:798606095; ;512; ; ; ;120:
07:48:21.286090; ;164.100.61.151.1753;52.94.228.167;http:;S;889754403:889754523; ;512; ; ; ;120:
07:48:21.286116; ;164.100.61.151.1754;52.94.228.167;http:;S;650647520:650647640; ;512; ; ; ;120:
07:48:21.286136; ;164.100.61.151.1755;52.94.228.167;http:;S;610291087:610291207; ;512; ; ; ;120:
07:48:21.286156; ;164.100.61.151.1756;52.94.228.167;http:;S;329567061:329567181; ;512; ; ; ;120:
07:48:21.286175; ;164.100.61.151.1757;52.94.228.167;http:;S;675159175:675159295; ;512; ; ; ;120:
07:48:21.286194; ;164.100.61.151.1758;52.94.228.167;http:;S;27998235:27998355; ;512; ; ; ;120:
07:48:21.286214; ;164.100.61.151.1759;52.94.228.167;http:;S;327840499:327840619; ;512; ; ; ;120:
07:48:21.286233; ;164.100.61.151.1760;52.94.228.167;http:;S;1532372405:1532372525; ;512; ; ; ;120:
07:48:21.286348; ;BP-Linux8.ssh;192.168.190.222;61599:;P.;181:217;36;291;nopnopTS;136695368;2033239199;36
07:48:21.286376; ;BP-Linux8.ssh;192.168.190.222;61599:;P.;217:285;36;291;nopnopTS;136695368;2033239199;68
07:48:21.286399; ;BP-Linux8.ssh;192.168.190.222;61599:;P.;285:321;36;291;nopnopTS;136695368;2033239199;36
07:48:21.286426; ;BP-Linux8.ssh;192.168.190.222;61599:;P.;321:421;36;291;nopnopTS;136695368;2033239199;100
07:48:21.286447; ;BP-Linux8.ssh;192.168.190.222;61599:;P.;421:457;36;291;nopnopTS;136695368;2033239199;36
07:48:21.286498; ;BP-Linux8.ssh;192.168.190.222;61599:;P.;457:533;36;291;nopnopTS;136695368;2033239199;76
07:48:21.286524; ;BP-Linux8.ssh;192.168.190.222;61599:;P.;533:569;36;291;nopnopTS;136695368;2033239199;36
07:48:21.286897; ;BP-Linux8.ssh;192.168.190.222;61599:;P.;569:637;36;291;nopnopTS;136695369;2033239199;68
07:48:21.291826; ;192.168.190.222.61599;BP-Linux8;ssh:;.; ;217;2047;nopnopTS;2033239205;136695368;0
07:48:21.291926; ;192.168.190.222.61599;BP-Linux8;ssh:;.; ;285;2046;nopnopTS;2033239205;136695368;0
07:48:21.292047; ;192.168.190.222.61599;BP-Linux8;ssh:;.; ;321;2045;nopnopTS;2033239205;136695368;0
07:48:21.292172; ;192.168.190.222.61599;BP-Linux8;ssh:;.; ;421;2046;nopnopTS;2033239205;136695368;0
07:48:21.292192; ;192.168.190.222.61599;BP-Linux8;ssh:;.; ;457;2047;nopnopTS;2033239205;136695368;0
07:48:21.292295; ;192.168.190.222.61599;BP-Linux8;ssh:;.; ;533;2046;nopnopTS;2033239205;136695368;0
07:48:21.292319; ;192.168.190.222.61599;BP-Linux8;ssh:;.; ;569;2047;nopnopTS;2033239205;136695368;0
07:48:21.292341; ;192.168.190.222.61599;BP-Linux8;ssh:;.; ;637;2046;nopnopTS;2033239205;136695369;0
07:48:21.736041; ;BP-Linux8.39179;ns1.lan.rt;domain:; ; ; ; ; ; ; ; 
07:48:21.736827; ;ns1.lan.rt.domain;BP-Linux8;39179:; ; ; ; ; ; ; ; 
07:48:21.737131; ;BP-Linux8.50005;ns1.lan.rt;domain:; ; ; ; ; ; ; ; 
07:48:21.765623; ;ns1.lan.rt.domain;BP-Linux8;50005:; ; ; ; ; ; ; ; 
07:48:21.765711; ;BP-Linux8.38841;ns1.lan.rt;domain:; ; ; ; ; ; ; ; 
07:48:22.037060; ;ns1.lan.rt.domain;BP-Linux8;38841:; ; ; ; ; ; ; ; 
07:48:23.521861; ;192.168.190.222.61604;BP-Linux8;ssh:;P.;3853037300:3853037336;2233794280;2048;nopnopTS;2033241424;136688787;36
07:48:23.522384; ;BP-Linux8.ssh;192.168.190.222;61604:;P.;1:37;36;293;nopnopTS;136695927;2033241424;36
07:48:23.524078; ;BP-Linux8.59289;ns1.lan.rt;domain:; ; ; ; ; ; ; ; 
07:48:23.524928; ;ns1.lan.rt.domain;BP-Linux8;59289:; ; ; ; ; ; ; ; 
07:48:23.525720; ;BP-Linux8.ssh;192.168.190.222;61604:;P.;37:145;36;293;nopnopTS;136695928;2033241424;108
07:48:23.525752; ;BP-Linux8.ssh;192.168.190.222;61604:;P.;145:181;36;293;nopnopTS;136695928;2033241424;36
07:48:23.525777; ;128.1.77.226.1794;52.94.237.74;http:;S;1878767937:1878768057; ;512; ; ; ;120:
07:48:23.525803; ;128.1.77.226.1795;52.94.237.74;http:;S;1246911389:1246911509; ;512; ; ; ;120:
07:48:23.525824; ;128.1.77.226.1796;52.94.237.74;http:;S;368425862:368425982; ;512; ; ; ;120:
07:48:23.525841; ;128.1.77.226.1797;52.94.237.74;http:;S;1857020226:1857020346; ;512; ; ; ;120:
07:48:23.525858; ;128.1.77.226.1798;52.94.237.74;http:;S;323094025:323094145; ;512; ; ; ;120:
07:48:23.525875; ;128.1.77.226.1799;52.94.237.74;http:;S;1110076195:1110076315; ;512; ; ; ;120:
07:48:23.525892; ;128.1.77.226.1800;52.94.237.74;http:;S;1589326203:1589326323; ;512; ; ; ;120:
07:48:23.525909; ;128.1.77.226.1801;52.94.237.74;http:;S;1952102010:1952102130; ;512; ; ; ;120:
07:48:23.525926; ;128.1.77.226.1802;52.94.237.74;http:;S;1523931216:1523931336; ;512; ; ; ;120:
07:48:23.525943; ;128.1.77.226.1803;52.94.237.74;http:;S;1578875653:1578875773; ;512; ; ; ;120:
07:48:23.525960; ;128.1.77.226.1804;52.94.237.74;http:;S;1430784775:1430784895; ;512; ; ; ;120:
07:48:23.525977; ;128.1.77.226.1805;52.94.237.74;http:;S;1953184167:1953184287; ;512; ; ; ;120:
07:48:23.525994; ;128.1.77.226.1806;52.94.237.74;http:;S;1983305105:1983305225; ;512; ; ; ;120:
07:48:23.526011; ;128.1.77.226.1807;52.94.237.74;http:;S;123677310:123677430; ;512; ; ; ;120:
07:48:23.526027; ;128.1.77.226.1808;52.94.237.74;http:;S;1546187817:1546187937; ;512; ; ; ;120:
07:48:23.526044; ;128.1.77.226.1809;52.94.237.74;http:;S;183976591:183976711; ;512; ; ; ;120:
07:48:23.526061; ;128.1.77.226.1810;52.94.237.74;http:;S;974916457:974916577; ;512; ; ; ;120:
07:48:23.526078; ;128.1.77.226.1811;52.94.237.74;http:;S;17118098:17118218; ;512; ; ; ;120:
07:48:23.526095; ;128.1.77.226.radius;52.94.237.74;http:;S;1536527332:1536527452; ;512; ; ; ;120:
07:48:23.526112; ;128.1.77.226.radius-acct;52.94.237.74;http:;S;1669028239:1669028359; ;512; ; ; ;120:
07:48:23.526129; ;128.1.77.226.1814;52.94.237.74;http:;S;1500750883:1500751003; ;512; ; ; ;120:
07:48:23.526145; ;128.1.77.226.1815;52.94.237.74;http:;S;1179732084:1179732204; ;512; ; ; ;120:
07:48:23.526162; ;128.1.77.226.1816;52.94.237.74;http:;S;466589347:466589467; ;512; ; ; ;120:
07:48:23.526179; ;128.1.77.226.1817;52.94.237.74;http:;S;1423883956:1423884076; ;512; ; ; ;120:
07:48:23.526195; ;128.1.77.226.1818;52.94.237.74;http:;S;1628696423:1628696543; ;512; ; ; ;120:
07:48:23.526212; ;128.1.77.226.1819;52.94.237.74;http:;S;898519308:898519428; ;512; ; ; ;120:
07:48:23.526228; ;128.1.77.226.1820;52.94.237.74;http:;S;1816327669:1816327789; ;512; ; ; ;120:
07:48:23.526245; ;128.1.77.226.1821;52.94.237.74;http:;S;866341516:866341636; ;512; ; ; ;120:
07:48:23.526262; ;128.1.77.226.1822;52.94.237.74;http:;S;1483077116:1483077236; ;512; ; ; ;120:
07:48:23.526278; ;128.1.77.226.1823;52.94.237.74;http:;S;65033405:65033525; ;512; ; ; ;120:
07:48:23.526296; ;128.1.77.226.1824;52.94.237.74;http:;S;1734348051:1734348171; ;512; ; ; ;120:
07:48:23.526313; ;128.1.77.226.1825;52.94.237.74;http:;S;1927338046:1927338166; ;512; ; ; ;120:
07:48:23.526330; ;128.1.77.226.1826;52.94.237.74;http:;S;1890914780:1890914900; ;512; ; ; ;120:
07:48:23.526347; ;128.1.77.226.1827;52.94.237.74;http:;S;1993504115:1993504235; ;512; ; ; ;120:
07:48:23.526364; ;128.1.77.226.1828;52.94.237.74;http:;S;1944642629:1944642749; ;512; ; ; ;120:
07:48:23.526381; ;128.1.77.226.1829;52.94.237.74;http:;S;2067424348:2067424468; ;512; ; ; ;120:
07:48:23.526397; ;128.1.77.226.1830;52.94.237.74;http:;S;1324441819:1324441939; ;512; ; ; ;120:
07:48:23.526414; ;128.1.77.226.1831;52.94.237.74;http:;S;1305021246:1305021366; ;512; ; ; ;120:
07:48:23.526430; ;128.1.77.226.1832;52.94.237.74;http:;S;1813780990:1813781110; ;512; ; ; ;120:
07:48:23.526447; ;128.1.77.226.1833;52.94.237.74;http:;S;79684973:79685093; ;512; ; ; ;120:
07:48:23.526463; ;128.1.77.226.1834;52.94.237.74;http:;S;1976576143:1976576263; ;512; ; ; ;120:
07:48:23.526480; ;128.1.77.226.1835;52.94.237.74;http:;S;345304684:345304804; ;512; ; ; ;120:
07:48:23.526497; ;128.1.77.226.1836;52.94.237.74;http:;S;1434022059:1434022179; ;512; ; ; ;120:
07:48:23.526513; ;128.1.77.226.1837;52.94.237.74;http:;S;783582429:783582549; ;512; ; ; ;120:
07:48:23.526530; ;128.1.77.226.1838;52.94.237.74;http:;S;665146752:665146872; ;512; ; ; ;120:
07:48:23.526547; ;128.1.77.226.1839;52.94.237.74;http:;S;477419197:477419317; ;512; ; ; ;120:
07:48:23.526575; ;128.1.77.226.1840;52.94.237.74;http:;S;404376355:404376475; ;512; ; ; ;120:
07:48:23.526593; ;128.1.77.226.1841;52.94.237.74;http:;S;1420934683:1420934803; ;512; ; ; ;120:
07:48:23.526610; ;128.1.77.226.1842;52.94.237.74;http:;S;1396728631:1396728751; ;512; ; ; ;120:
07:48:23.526627; ;128.1.77.226.1843;52.94.237.74;http:;S;1868285531:1868285651; ;512; ; ; ;120:
07:48:23.526644; ;128.1.77.226.1844;52.94.237.74;http:;S;209666326:209666446; ;512; ; ; ;120:
07:48:23.526660; ;128.1.77.226.1845;52.94.237.74;http:;S;69105547:69105667; ;512; ; ; ;120:
07:48:23.526687; ;128.1.77.226.1846;52.94.237.74;http:;S;478851630:478851750; ;512; ; ; ;120:
07:48:23.526707; ;128.1.77.226.1847;52.94.237.74;http:;S;1905493922:1905494042; ;512; ; ; ;120:
07:48:23.526727; ;128.1.77.226.1848;52.94.237.74;http:;S;1477949083:1477949203; ;512; ; ; ;120:
07:48:23.526746; ;128.1.77.226.1849;52.94.237.74;http:;S;824913536:824913656; ;512; ; ; ;120:
07:48:23.526765; ;128.1.77.226.1850;52.94.237.74;http:;S;844906590:844906710; ;512; ; ; ;120:
07:48:23.526782; ;128.1.77.226.1851;52.94.237.74;http:;S;1206772266:1206772386; ;512; ; ; ;120:
07:48:23.526798; ;128.1.77.226.1852;52.94.237.74;http:;S;629368432:629368552; ;512; ; ; ;120:
07:48:23.526814; ;128.1.77.226.1853;52.94.237.74;http:;S;595772205:595772325; ;512; ; ; ;120:
07:48:23.526831; ;128.1.77.226.1854;52.94.237.74;http:;S;1171016989:1171017109; ;512; ; ; ;120:
07:48:23.526847; ;128.1.77.226.1855;52.94.237.74;http:;S;1941967189:1941967309; ;512; ; ; ;120:
07:48:23.526869; ;128.1.77.226.1856;52.94.237.74;http:;S;540993553:540993673; ;512; ; ; ;120:
07:48:23.526889; ;128.1.77.226.1857;52.94.237.74;http:;S;1006494511:1006494631; ;512; ; ; ;120:
07:48:23.526906; ;128.1.77.226.1858;52.94.237.74;http:;S;1037006880:1037007000; ;512; ; ; ;120:
07:48:23.526922; ;128.1.77.226.1859;52.94.237.74;http:;S;429689643:429689763; ;512; ; ; ;120:
07:48:23.526939; ;128.1.77.226.1860;52.94.237.74;http:;S;1251967148:1251967268; ;512; ; ; ;120:
07:48:23.526955; ;128.1.77.226.1861;52.94.237.74;http:;S;533313919:533314039; ;512; ; ; ;120:
07:48:23.526972; ;128.1.77.226.1862;52.94.237.74;http:;S;1726234849:1726234969; ;512; ; ; ;120:
07:48:23.526988; ;128.1.77.226.msnp;52.94.237.74;http:;S;202059985:202060105; ;512; ; ; ;120:
07:48:23.527004; ;128.1.77.226.1864;52.94.237.74;http:;S;335441596:335441716; ;512; ; ; ;120:
07:48:23.527021; ;128.1.77.226.1865;52.94.237.74;http:;S;1955472177:1955472297; ;512; ; ; ;120:
07:48:23.527037; ;128.1.77.226.1866;52.94.237.74;http:;S;1112489116:1112489236; ;512; ; ; ;120:
07:48:23.527054; ;128.1.77.226.1867;52.94.237.74;http:;S;1387998120:1387998240; ;512; ; ; ;120:
07:48:23.527070; ;128.1.77.226.1868;52.94.237.74;http:;S;1418097970:1418098090; ;512; ; ; ;120:
07:48:23.527086; ;128.1.77.226.1869;52.94.237.74;http:;S;1867935418:1867935538; ;512; ; ; ;120:
07:48:23.527103; ;128.1.77.226.1870;52.94.237.74;http:;S;1067446013:1067446133; ;512; ; ; ;120:
07:48:23.527119; ;128.1.77.226.1871;52.94.237.74;http:;S;1568489758:1568489878; ;512; ; ; ;120:
07:48:23.527135; ;128.1.77.226.1872;52.94.237.74;http:;S;497034040:497034160; ;512; ; ; ;120:
07:48:23.527153; ;128.1.77.226.1873;52.94.237.74;http:;S;1397291138:1397291258; ;512; ; ; ;120:
07:48:23.527169; ;128.1.77.226.1874;52.94.237.74;http:;S;1842579287:1842579407; ;512; ; ; ;120:
07:48:23.527186; ;128.1.77.226.1875;52.94.237.74;http:;S;2042564813:2042564933; ;512; ; ; ;120:
07:48:23.527202; ;128.1.77.226.1876;52.94.237.74;http:;S;2066353263:2066353383; ;512; ; ; ;120:
07:48:23.527218; ;128.1.77.226.1877;52.94.237.74;http:;S;245312619:245312739; ;512; ; ; ;120:
07:48:23.527235; ;128.1.77.226.1878;52.94.237.74;http:;S;632420451:632420571; ;512; ; ; ;120:
07:48:23.527251; ;128.1.77.226.1879;52.94.237.74;http:;S;410658546:410658666; ;512; ; ; ;120:
07:48:23.527267; ;128.1.77.226.1880;52.94.237.74;http:;S;404940440:404940560; ;512; ; ; ;120:
07:48:23.527283; ;128.1.77.226.1881;52.94.237.74;http:;S;1460172725:1460172845; ;512; ; ; ;120:
07:48:23.527299; ;128.1.77.226.1882;52.94.237.74;http:;S;488160370:488160490; ;512; ; ; ;120:
07:48:23.527316; ;128.1.77.226.1883;52.94.237.74;http:;S;265755456:265755576; ;512; ; ; ;120:
07:48:23.527332; ;128.1.77.226.1884;52.94.237.74;http:;S;1388730188:1388730308; ;512; ; ; ;120:
07:48:23.527349; ;128.1.77.226.1885;52.94.237.74;http:;S;733134259:733134379; ;512; ; ; ;120:
07:48:23.527365; ;128.1.77.226.1886;52.94.237.74;http:;S;240934859:240934979; ;512; ; ; ;120:
07:48:23.527381; ;128.1.77.226.1887;52.94.237.74;http:;S;453125541:453125661; ;512; ; ; ;120:
07:48:23.527397; ;128.1.77.226.1888;52.94.237.74;http:;S;228717168:228717288; ;512; ; ; ;120:
07:48:23.527414; ;128.1.77.226.1889;52.94.237.74;http:;S;604716621:604716741; ;512; ; ; ;120:
07:48:23.527430; ;128.1.77.226.1890;52.94.237.74;http:;S;2010813542:2010813662; ;512; ; ; ;120:
07:48:23.527446; ;128.1.77.226.1891;52.94.237.74;http:;S;1404007785:1404007905; ;512; ; ; ;120:
07:48:23.527463; ;128.1.77.226.1892;52.94.237.74;http:;S;1465096917:1465097037; ;512; ; ; ;120:
07:48:23.527479; ;128.1.77.226.1893;52.94.237.74;http:;S;1772832138:1772832258; ;512; ; ; ;120:
07:48:23.527496; ;128.1.77.226.1894;52.94.237.74;http:;S;381789785:381789905; ;512; ; ; ;120:
07:48:23.527513; ;128.1.77.226.1895;52.94.237.74;http:;S;1922378751:1922378871; ;512; ; ; ;120:
07:48:23.527530; ;128.1.77.226.1896;52.94.237.74;http:;S;1907620269:1907620389; ;512; ; ; ;120:
07:48:23.527546; ;128.1.77.226.1897;52.94.237.74;http:;S;1450003454:1450003574; ;512; ; ; ;120:
07:48:23.527563; ;128.1.77.226.1898;52.94.237.74;http:;S;1937526426:1937526546; ;512; ; ; ;120:
07:48:23.527589; ;128.1.77.226.1899;52.94.237.74;http:;S;493319860:493319980; ;512; ; ; ;120:
07:48:23.527611; ;128.1.77.226.1900;52.94.237.74;http:;S;1132802822:1132802942; ;512; ; ; ;120:
07:48:23.527630; ;128.1.77.226.1901;52.94.237.74;http:;S;628454028:628454148; ;512; ; ; ;120:
07:48:23.527650; ;128.1.77.226.1902;52.94.237.74;http:;S;548763236:548763356; ;512; ; ; ;120:
07:48:23.527669; ;128.1.77.226.1903;52.94.237.74;http:;S;1390764487:1390764607; ;512; ; ; ;120:
07:48:23.527688; ;128.1.77.226.1904;52.94.237.74;http:;S;256781623:256781743; ;512; ; ; ;120:
07:48:23.527701; ;192.168.190.222.61604;BP-Linux8;ssh:;.; ;37;2047;nopnopTS;2033241429;136695927;0
07:48:23.527715; ;128.1.77.226.1905;52.94.237.74;http:;S;1136877578:1136877698; ;512; ; ; ;120:
07:48:23.527731; ;128.1.77.226.1906;52.94.237.74;http:;S;1778649869:1778649989; ;512; ; ; ;120:
07:48:23.527748; ;128.1.77.226.1907;52.94.237.74;http:;S;2100968112:2100968232; ;512; ; ; ;120:
07:48:23.527764; ;128.1.77.226.1908;52.94.237.74;http:;S;201661278:201661398; ;512; ; ; ;120:
07:48:23.527780; ;128.1.77.226.1909;52.94.237.74;http:;S;1008117113:1008117233; ;512; ; ; ;120:
07:48:23.527796; ;128.1.77.226.1910;52.94.237.74;http:;S;636026867:636026987; ;512; ; ; ;120:
07:48:23.527812; ;128.1.77.226.1911;52.94.237.74;http:;S;1637814630:1637814750; ;512; ; ; ;120:
07:48:23.527829; ;128.1.77.226.1912;52.94.237.74;http:;S;1178685829:1178685949; ;512; ; ; ;120:
07:48:23.527845; ;128.1.77.226.1913;52.94.237.74;http:;S;1894284484:1894284604; ;512; ; ; ;120:
07:48:23.527861; ;128.1.77.226.1914;52.94.237.74;http:;S;1902882401:1902882521; ;512; ; ; ;120:
07:48:23.527878; ;128.1.77.226.1915;52.94.237.74;http:;S;445726122:445726242; ;512; ; ; ;120:
07:48:23.527895; ;128.1.77.226.1916;52.94.237.74;http:;S;403433553:403433673; ;512; ; ; ;120:
07:48:23.527911; ;128.1.77.226.1917;52.94.237.74;http:;S;2016939554:2016939674; ;512; ; ; ;120:
07:48:23.527927; ;128.1.77.226.1918;52.94.237.74;http:;S;1444402370:1444402490; ;512; ; ; ;120:
07:48:23.527943; ;128.1.77.226.1919;52.94.237.74;http:;S;1062022819:1062022939; ;512; ; ; ;120:
07:48:23.527960; ;128.1.77.226.1920;52.94.237.74;http:;S;1474517520:1474517640; ;512; ; ; ;120:
07:48:23.527976; ;128.1.77.226.1921;52.94.237.74;http:;S;397732721:397732841; ;512; ; ; ;120:
07:48:23.527993; ;128.1.77.226.1922;52.94.237.74;http:;S;1383159855:1383159975; ;512; ; ; ;120:
07:48:23.528009; ;128.1.77.226.1923;52.94.237.74;http:;S;1600928543:1600928663; ;512; ; ; ;120:
07:48:23.528025; ;128.1.77.226.1924;52.94.237.74;http:;S;676387275:676387395; ;512; ; ; ;120:
07:48:23.528041; ;128.1.77.226.1925;52.94.237.74;http:;S;1138809485:1138809605; ;512; ; ; ;120:
07:48:23.528058; ;128.1.77.226.1926;52.94.237.74;http:;S;615606627:615606747; ;512; ; ; ;120:
07:48:23.528074; ;128.1.77.226.1927;52.94.237.74;http:;S;1014398972:1014399092; ;512; ; ; ;120:
07:48:23.528090; ;128.1.77.226.1928;52.94.237.74;http:;S;1637706324:1637706444; ;512; ; ; ;120:
07:48:23.528107; ;128.1.77.226.1929;52.94.237.74;http:;S;128087815:128087935; ;512; ; ; ;120:
07:48:23.528123; ;128.1.77.226.1930;52.94.237.74;http:;S;1273830601:1273830721; ;512; ; ; ;120:
07:48:23.528140; ;128.1.77.226.1931;52.94.237.74;http:;S;1912770208:1912770328; ;512; ; ; ;120:
07:48:23.528156; ;128.1.77.226.1932;52.94.237.74;http:;S;525877016:525877136; ;512; ; ; ;120:
07:48:23.528172; ;128.1.77.226.1933;52.94.237.74;http:;S;1956881558:1956881678; ;512; ; ; ;120:
07:48:23.528189; ;128.1.77.226.1934;52.94.237.74;http:;S;1154097376:1154097496; ;512; ; ; ;120:
07:48:23.528205; ;128.1.77.226.1935;52.94.237.74;http:;S;521789743:521789863; ;512; ; ; ;120:
07:48:23.528221; ;128.1.77.226.1936;52.94.237.74;http:;S;1196836235:1196836355; ;512; ; ; ;120:
07:48:23.528237; ;128.1.77.226.1937;52.94.237.74;http:;S;662919427:662919547; ;512; ; ; ;120:
07:48:23.528254; ;128.1.77.226.1938;52.94.237.74;http:;S;1021007431:1021007551; ;512; ; ; ;120:
07:48:23.528270; ;128.1.77.226.1939;52.94.237.74;http:;S;325277877:325277997; ;512; ; ; ;120:
07:48:23.528286; ;128.1.77.226.1940;52.94.237.74;http:;S;1731331526:1731331646; ;512; ; ; ;120:
07:48:23.528303; ;128.1.77.226.1941;52.94.237.74;http:;S;1580227950:1580228070; ;512; ; ; ;120:
07:48:23.528319; ;128.1.77.226.1942;52.94.237.74;http:;S;1509781778:1509781898; ;512; ; ; ;120:
07:48:23.528335; ;128.1.77.226.1943;52.94.237.74;http:;S;551195192:551195312; ;512; ; ; ;120:
07:48:23.528352; ;128.1.77.226.1944;52.94.237.74;http:;S;598752676:598752796; ;512; ; ; ;120:
07:48:23.528368; ;128.1.77.226.1945;52.94.237.74;http:;S;1407852983:1407853103; ;512; ; ; ;120:
07:48:23.528384; ;128.1.77.226.1946;52.94.237.74;http:;S;1276738588:1276738708; ;512; ; ; ;120:
07:48:23.528401; ;128.1.77.226.1947;52.94.237.74;http:;S;608843044:608843164; ;512; ; ; ;120:
07:48:23.528417; ;128.1.77.226.1948;52.94.237.74;http:;S;1421105904:1421106024; ;512; ; ; ;120:
07:48:23.528434; ;128.1.77.226.1949;52.94.237.74;http:;S;862962243:862962363; ;512; ; ; ;120:
07:48:23.528451; ;128.1.77.226.1950;52.94.237.74;http:;S;2143918528:2143918648; ;512; ; ; ;120:
07:48:23.528468; ;128.1.77.226.1951;52.94.237.74;http:;S;296041335:296041455; ;512; ; ; ;120:
07:48:23.528484; ;128.1.77.226.1952;52.94.237.74;http:;S;12030683:12030803; ;512; ; ; ;120:
07:48:23.528501; ;128.1.77.226.1953;52.94.237.74;http:;S;527562778:527562898; ;512; ; ; ;120:
07:48:23.528517; ;128.1.77.226.1954;52.94.237.74;http:;S;1296082516:1296082636; ;512; ; ; ;120:
07:48:23.528534; ;128.1.77.226.1955;52.94.237.74;http:;S;846493524:846493644; ;512; ; ; ;120:
07:48:23.528551; ;128.1.77.226.1956;52.94.237.74;http:;S;317605288:317605408; ;512; ; ; ;120:
07:48:23.528567; ;128.1.77.226.unix-status;52.94.237.74;http:;S;325024435:325024555; ;512; ; ; ;120:
07:48:23.528593; ;128.1.77.226.log-server;52.94.237.74;http:;S;1883149937:1883150057; ;512; ; ; ;120:
07:48:23.528610; ;128.1.77.226.remoteping;52.94.237.74;http:;S;187237175:187237295; ;512; ; ; ;120:
07:48:23.528627; ;128.1.77.226.1960;52.94.237.74;http:;S;1807824907:1807825027; ;512; ; ; ;120:
07:48:23.528643; ;128.1.77.226.1961;52.94.237.74;http:;S;1576292792:1576292912; ;512; ; ; ;120:
07:48:23.528659; ;128.1.77.226.1962;52.94.237.74;http:;S;1405411038:1405411158; ;512; ; ; ;120:
07:48:23.528676; ;128.1.77.226.1963;52.94.237.74;http:;S;1821056662:1821056782; ;512; ; ; ;120:
07:48:23.528692; ;128.1.77.226.1964;52.94.237.74;http:;S;485143925:485144045; ;512; ; ; ;120:
07:48:23.528708; ;128.1.77.226.1965;52.94.237.74;http:;S;699253852:699253972; ;512; ; ; ;120:
07:48:23.528725; ;128.1.77.226.1966;52.94.237.74;http:;S;837692538:837692658; ;512; ; ; ;120:
07:48:23.528741; ;128.1.77.226.1967;52.94.237.74;http:;S;2097296218:2097296338; ;512; ; ; ;120:
07:48:23.528757; ;128.1.77.226.1968;52.94.237.74;http:;S;846017025:846017145; ;512; ; ; ;120:
07:48:23.528774; ;128.1.77.226.1969;52.94.237.74;http:;S;252346037:252346157; ;512; ; ; ;120:
07:48:23.528790; ;128.1.77.226.1970;52.94.237.74;http:;S;641561132:641561252; ;512; ; ; ;120:
07:48:23.528806; ;128.1.77.226.1971;52.94.237.74;http:;S;1597510188:1597510308; ;512; ; ; ;120:
07:48:23.528823; ;128.1.77.226.1972;52.94.237.74;http:;S;405453860:405453980; ;512; ; ; ;120:
07:48:23.528839; ;128.1.77.226.1973;52.94.237.74;http:;S;722657574:722657694; ;512; ; ; ;120:
07:48:23.528855; ;128.1.77.226.1974;52.94.237.74;http:;S;952832873:952832993; ;512; ; ; ;120:
07:48:23.528871; ;128.1.77.226.1975;52.94.237.74;http:;S;1694732433:1694732553; ;512; ; ; ;120:
07:48:23.528888; ;128.1.77.226.1976;52.94.237.74;http:;S;61241943:61242063; ;512; ; ; ;120:
07:48:23.528905; ;128.1.77.226.1977;52.94.237.74;http:;S;1624067286:1624067406; ;512; ; ; ;120:
07:48:23.528921; ;128.1.77.226.1978;52.94.237.74;http:;S;549600562:549600682; ;512; ; ; ;120:
07:48:23.528938; ;128.1.77.226.1979;52.94.237.74;http:;S;406431324:406431444; ;512; ; ; ;120:
07:48:23.528954; ;128.1.77.226.1980;52.94.237.74;http:;S;2057521815:2057521935; ;512; ; ; ;120:
07:48:23.528970; ;128.1.77.226.1981;52.94.237.74;http:;S;1204339618:1204339738; ;512; ; ; ;120:
07:48:23.528987; ;128.1.77.226.1982;52.94.237.74;http:;S;290409717:290409837; ;512; ; ; ;120:
07:48:23.529003; ;128.1.77.226.1983;52.94.237.74;http:;S;1475246443:1475246563; ;512; ; ; ;120:
07:48:23.529019; ;128.1.77.226.1984;52.94.237.74;http:;S;991445278:991445398; ;512; ; ; ;120:
07:48:23.529036; ;128.1.77.226.1985;52.94.237.74;http:;S;135088738:135088858; ;512; ; ; ;120:
07:48:23.529052; ;128.1.77.226.1986;52.94.237.74;http:;S;1900153995:1900154115; ;512; ; ; ;120:
07:48:23.529079; ;128.1.77.226.1987;52.94.237.74;http:;S;161795395:161795515; ;512; ; ; ;120:
07:48:23.529099; ;128.1.77.226.1988;52.94.237.74;http:;S;1687488316:1687488436; ;512; ; ; ;120:
07:48:23.529119; ;128.1.77.226.1989;52.94.237.74;http:;S;1917931752:1917931872; ;512; ; ; ;120:
07:48:23.529138; ;128.1.77.226.1990;52.94.237.74;http:;S;1040362878:1040362998; ;512; ; ; ;120:
07:48:23.529157; ;128.1.77.226.1991;52.94.237.74;http:;S;862606601:862606721; ;512; ; ; ;120:
07:48:23.529177; ;128.1.77.226.1992;52.94.237.74;http:;S;813472067:813472187; ;512; ; ; ;120:
07:48:23.529196; ;128.1.77.226.1993;52.94.237.74;http:;S;150886665:150886785; ;512; ; ; ;120:
07:48:23.529295; ;BP-Linux8.ssh;192.168.190.222;61604:;P.;181:217;36;293;nopnopTS;136695929;2033241429;36
07:48:23.529393; ;BP-Linux8.ssh;192.168.190.222;61604:;P.;217:533;36;293;nopnopTS;136695929;2033241429;316
07:48:23.529490; ;BP-Linux8.ssh;192.168.190.222;61604:;P.;533:569;36;293;nopnopTS;136695929;2033241429;36
07:48:23.529676; ;BP-Linux8.ssh;192.168.190.222;61604:;P.;569:637;36;293;nopnopTS;136695929;2033241429;68
07:48:23.530984; ;192.168.190.222.61604;BP-Linux8;ssh:;.; ;145;2046;nopnopTS;2033241432;136695928;0
07:48:23.531125; ;192.168.190.222.61604;BP-Linux8;ssh:;.; ;181;2045;nopnopTS;2033241432;136695928;0
07:48:23.534568; ;192.168.190.222.61604;BP-Linux8;ssh:;.; ;217;2047;nopnopTS;2033241435;136695929;0
07:48:23.534680; ;192.168.190.222.61604;BP-Linux8;ssh:;.; ;533;2043;nopnopTS;2033241435;136695929;0
07:48:23.534805; ;192.168.190.222.61604;BP-Linux8;ssh:;.; ;569;2042;nopnopTS;2033241435;136695929;0
07:48:23.534934; ;192.168.190.222.61604;BP-Linux8;ssh:;.; ;637;2046;nopnopTS;2033241435;136695929;0
07:48:24.045283; ;BP-Linux8.50448;ns1.lan.rt;domain:; ; ; ; ; ; ; ; 
07:48:24.072210; ;ns1.lan.rt.domain;BP-Linux8;50448:; ; ; ; ; ; ; ; 
07:48:24.072308; ;BP-Linux8.44960;ns1.lan.rt;domain:; ; ; ; ; ; ; ; 
07:48:24.559423; ;ns1.lan.rt.domain;BP-Linux8;44960:; ; ; ; ; ; ; ; 
07:48:25.299530; ;192.168.190.222.61613;BP-Linux8;ssh:;P.;3875958976:3875959012;4185088736;2048;nopnopTS;2033243199;136690547;36
07:48:25.300101; ;BP-Linux8.ssh;192.168.190.222;61613:;P.;1:37;36;291;nopnopTS;136696372;2033243199;36
07:48:25.302878; ;BP-Linux8.ssh;192.168.190.222;61613:;P.;37:105;36;291;nopnopTS;136696373;2033243199;68
07:48:25.302913; ;BP-Linux8.ssh;192.168.190.222;61613:;P.;105:141;36;291;nopnopTS;136696373;2033243199;36
07:48:25.302988; ;BP-Linux8.ssh;192.168.190.222;61613:;P.;141:241;36;291;nopnopTS;136696373;2033243199;100
07:48:25.303016; ;BP-Linux8.ssh;192.168.190.222;61613:;P.;241:277;36;291;nopnopTS;136696373;2033243199;36
07:48:25.303056; ;BP-Linux8;192.168.115;255:; ;1; ; ; ; ; ;64
07:48:25.303679; ;192.168.115.2;;BP-Linux8:; ;1; ; ; ; ; ;64
07:48:25.303736; ;BP-Linux8.ssh;192.168.190.222;61613:;P.;277:377;36;291;nopnopTS;136696373;2033243199;100
07:48:25.303767; ;BP-Linux8.ssh;192.168.190.222;61613:;P.;377:413;36;291;nopnopTS;136696373;2033243199;36
07:48:25.305405; ;192.168.190.222.61613;BP-Linux8;ssh:;.; ;37;2047;nopnopTS;2033243204;136696372;0
07:48:25.308119; ;192.168.190.222.61613;BP-Linux8;ssh:;.; ;105;2046;nopnopTS;2033243206;136696373;0
07:48:25.308234; ;192.168.190.222.61613;BP-Linux8;ssh:;.; ;141;2047;nopnopTS;2033243206;136696373;0
07:48:25.308360; ;192.168.190.222.61613;BP-Linux8;ssh:;.; ;241;2046;nopnopTS;2033243206;136696373;0
07:48:25.308380; ;192.168.190.222.61613;BP-Linux8;ssh:;.; ;277;2047;nopnopTS;2033243206;136696373;0
07:48:25.309042; ;192.168.190.222.61613;BP-Linux8;ssh:;.; ;377;2046;nopnopTS;2033243206;136696373;0
07:48:25.309193; ;192.168.190.222.61613;BP-Linux8;ssh:;.; ;413;2047;nopnopTS;2033243207;136696373;0
07:48:26.300592; ;BP-Linux8.55872;ns1.lan.rt;domain:; ; ; ; ; ; ; ; 
07:48:26.302580; ;BP-Linux8;192.168.115;255:; ;2; ; ; ; ; ;64
07:48:26.303098; ;192.168.115.2;;BP-Linux8:; ;2; ; ; ; ; ;64
07:48:26.303170; ;BP-Linux8.ssh;192.168.190.222;61613:;P.;413:513;36;291;nopnopTS;136696623;2033243207;100
07:48:26.305740; ;ns1.lan.rt.domain;BP-Linux8;55872:; ; ; ; ; ; ; ; 
07:48:26.305846; ;BP-Linux8.43741;ns1.lan.rt;domain:; ; ; ; ; ; ; ; 
07:48:26.308611; ;192.168.190.222.61613;BP-Linux8;ssh:;.; ;513;2046;nopnopTS;2033244205;136696623;0
07:48:26.310939; ;ns1.lan.rt.domain;BP-Linux8;43741:; ; ; ; ; ; ; ; 
07:48:27.302592; ;BP-Linux8;192.168.115;255:; ;3; ; ; ; ; ;64
07:48:27.303146; ;192.168.115.2;;BP-Linux8:; ;3; ; ; ; ; ;64
07:48:27.303220; ;BP-Linux8.ssh;192.168.190.222;61613:;P.;513:613;36;291;nopnopTS;136696873;2033244205;100
07:48:27.308724; ;192.168.190.222.61613;BP-Linux8;ssh:;.; ;613;2046;nopnopTS;2033245196;136696873;0
07:48:28.302593; ;BP-Linux8;192.168.115;255:; ;4; ; ; ; ; ;64
07:48:28.303125; ;192.168.115.2;;BP-Linux8:; ;4; ; ; ; ; ;64
07:48:28.303221; ;BP-Linux8.ssh;192.168.190.222;61613:;P.;613:713;36;291;nopnopTS;136697123;2033245196;100
07:48:28.308489; ;192.168.190.222.61613;BP-Linux8;ssh:;.; ;713;2046;nopnopTS;2033246189;136697123;0
07:48:29.302608; ;BP-Linux8;192.168.115;255:; ;5; ; ; ; ; ;64
07:48:29.303133; ;192.168.115.2;;BP-Linux8:; ;5; ; ; ; ; ;64
07:48:29.303232; ;BP-Linux8.ssh;192.168.190.222;61613:;P.;713:813;36;291;nopnopTS;136697373;2033246189;100
07:48:29.308529; ;192.168.190.222.61613;BP-Linux8;ssh:;.; ;813;2046;nopnopTS;2033247188;136697373;0
07:48:30.302593; ;BP-Linux8;192.168.115;255:; ;6; ; ; ; ; ;64
07:48:30.303189; ;192.168.115.2;;BP-Linux8:; ;6; ; ; ; ; ;64
07:48:30.303263; ;BP-Linux8.ssh;192.168.190.222;61613:;P.;813:913;36;291;nopnopTS;136697623;2033247188;100
07:48:30.308605; ;192.168.190.222.61613;BP-Linux8;ssh:;.; ;913;2046;nopnopTS;2033248187;136697623;0
07:48:31.302598; ;BP-Linux8;192.168.115;255:; ;7; ; ; ; ; ;64
07:48:31.303111; ;192.168.115.2;;BP-Linux8:; ;7; ; ; ; ; ;64
07:48:31.303193; ;BP-Linux8.ssh;192.168.190.222;61613:;P.;913:1013;36;291;nopnopTS;136697873;2033248187;100
07:48:31.308964; ;192.168.190.222.61613;BP-Linux8;ssh:;.; ;1013;2046;nopnopTS;2033249186;136697873;0
07:48:32.209900; ;192.168.190.222.61604;BP-Linux8;ssh:;P.;36:80;637;2048;nopnopTS;2033250086;136695929;44
07:48:32.210144; ;BP-Linux8.ssh;192.168.190.222;61604:;P.;637:745;80;293;nopnopTS;136698099;2033250086;108
07:48:32.215422; ;192.168.190.222.61604;BP-Linux8;ssh:;.; ;745;2046;nopnopTS;2033250091;136698099;0
07:48:32.302591; ;BP-Linux8;192.168.115;255:; ;8; ; ; ; ; ;64
07:48:32.303117; ;192.168.115.2;;BP-Linux8:; ;8; ; ; ; ; ;64
07:48:32.303189; ;BP-Linux8.ssh;192.168.190.222;61613:;P.;1013:1113;36;291;nopnopTS;136698123;2033249186;100
07:48:32.308555; ;192.168.190.222.61613;BP-Linux8;ssh:;.; ;1113;2046;nopnopTS;2033250183;136698123;0
07:48:32.665083; ;192.168.190.222.61604;BP-Linux8;ssh:;P.;80:116;745;2048;nopnopTS;2033250538;136698099;36
07:48:32.665937; ;BP-Linux8.ssh;192.168.190.222;61604:;P.;745:781;116;293;nopnopTS;136698213;2033250538;36
07:48:32.669785; ;BP-Linux8.34664;ns1.lan.rt;domain:; ; ; ; ; ; ; ; 
07:48:32.670602; ;ns1.lan.rt.domain;BP-Linux8;34664:; ; ; ; ; ; ; ; 
07:48:32.671188; ;192.168.190.222.61604;BP-Linux8;ssh:;.; ;781;2047;nopnopTS;2033250543;136698213;0
07:48:32.671507; ;BP-Linux8.ssh;192.168.190.222;61604:;P.;781:889;116;293;nopnopTS;136698215;2033250543;108
07:48:32.671541; ;BP-Linux8.ssh;192.168.190.222;61604:;P.;889:925;116;293;nopnopTS;136698215;2033250543;36
07:48:32.671567; ;128.1.77.226.1916;52.94.225.248;http:;S;214555224:214555344; ;512; ; ; ;120:
07:48:32.671596; ;128.1.77.226.1917;52.94.225.248;http:;S;1064706855:1064706975; ;512; ; ; ;120:
07:48:32.671617; ;128.1.77.226.1918;52.94.225.248;http:;S;1798564570:1798564690; ;512; ; ; ;120:
07:48:32.671634; ;128.1.77.226.1919;52.94.225.248;http:;S;994118956:994119076; ;512; ; ; ;120:
07:48:32.671650; ;128.1.77.226.1920;52.94.225.248;http:;S;283660485:283660605; ;512; ; ; ;120:
07:48:32.671667; ;128.1.77.226.1921;52.94.225.248;http:;S;1439544296:1439544416; ;512; ; ; ;120:
07:48:32.671685; ;128.1.77.226.1922;52.94.225.248;http:;S;471526959:471527079; ;512; ; ; ;120:
07:48:32.671702; ;128.1.77.226.1923;52.94.225.248;http:;S;562616629:562616749; ;512; ; ; ;120:
07:48:32.671719; ;128.1.77.226.1924;52.94.225.248;http:;S;1195311597:1195311717; ;512; ; ; ;120:
07:48:32.671736; ;128.1.77.226.1925;52.94.225.248;http:;S;1305113934:1305114054; ;512; ; ; ;120:
07:48:32.671753; ;128.1.77.226.1926;52.94.225.248;http:;S;1657168826:1657168946; ;512; ; ; ;120:
07:48:32.671770; ;128.1.77.226.1927;52.94.225.248;http:;S;1942941601:1942941721; ;512; ; ; ;120:
07:48:32.671787; ;128.1.77.226.1928;52.94.225.248;http:;S;1456844021:1456844141; ;512; ; ; ;120:
07:48:32.671804; ;128.1.77.226.1929;52.94.225.248;http:;S;1260143466:1260143586; ;512; ; ; ;120:
07:48:32.671821; ;128.1.77.226.1930;52.94.225.248;http:;S;1880197655:1880197775; ;512; ; ; ;120:
07:48:32.671838; ;128.1.77.226.1931;52.94.225.248;http:;S;848468681:848468801; ;512; ; ; ;120:
07:48:32.671855; ;128.1.77.226.1932;52.94.225.248;http:;S;49400564:49400684; ;512; ; ; ;120:
07:48:32.671872; ;128.1.77.226.1933;52.94.225.248;http:;S;729393205:729393325; ;512; ; ; ;120:
07:48:32.671888; ;128.1.77.226.1934;52.94.225.248;http:;S;1380170792:1380170912; ;512; ; ; ;120:
07:48:32.671905; ;128.1.77.226.1935;52.94.225.248;http:;S;2143860630:2143860750; ;512; ; ; ;120:
07:48:32.671922; ;128.1.77.226.1936;52.94.225.248;http:;S;10061008:10061128; ;512; ; ; ;120:
07:48:32.671939; ;128.1.77.226.1937;52.94.225.248;http:;S;366589022:366589142; ;512; ; ; ;120:
07:48:32.671957; ;128.1.77.226.1938;52.94.225.248;http:;S;1395474060:1395474180; ;512; ; ; ;120:
07:48:32.671974; ;128.1.77.226.1939;52.94.225.248;http:;S;356733932:356734052; ;512; ; ; ;120:
07:48:32.671991; ;128.1.77.226.1940;52.94.225.248;http:;S;646354185:646354305; ;512; ; ; ;120:
07:48:32.672008; ;128.1.77.226.1941;52.94.225.248;http:;S;943163926:943164046; ;512; ; ; ;120:
07:48:32.672025; ;128.1.77.226.1942;52.94.225.248;http:;S;516270483:516270603; ;512; ; ; ;120:
07:48:32.672042; ;128.1.77.226.1943;52.94.225.248;http:;S;1812041543:1812041663; ;512; ; ; ;120:
07:48:32.672059; ;128.1.77.226.1944;52.94.225.248;http:;S;89626073:89626193; ;512; ; ; ;120:
07:48:32.672076; ;128.1.77.226.1945;52.94.225.248;http:;S;451041630:451041750; ;512; ; ; ;120:
07:48:32.672093; ;128.1.77.226.1946;52.94.225.248;http:;S;379360334:379360454; ;512; ; ; ;120:
07:48:32.672109; ;128.1.77.226.1947;52.94.225.248;http:;S;89137410:89137530; ;512; ; ; ;120:
07:48:32.672127; ;128.1.77.226.1948;52.94.225.248;http:;S;645079713:645079833; ;512; ; ; ;120:
07:48:32.672144; ;128.1.77.226.1949;52.94.225.248;http:;S;1698268164:1698268284; ;512; ; ; ;120:
07:48:32.672161; ;128.1.77.226.1950;52.94.225.248;http:;S;2095338073:2095338193; ;512; ; ; ;120:
07:48:32.672178; ;128.1.77.226.1951;52.94.225.248;http:;S;2119949925:2119950045; ;512; ; ; ;120:
07:48:32.672195; ;128.1.77.226.1952;52.94.225.248;http:;S;1064164369:1064164489; ;512; ; ; ;120:
07:48:32.672212; ;128.1.77.226.1953;52.94.225.248;http:;S;1546992011:1546992131; ;512; ; ; ;120:
07:48:32.672229; ;128.1.77.226.1954;52.94.225.248;http:;S;1983565834:1983565954; ;512; ; ; ;120:
07:48:32.672246; ;128.1.77.226.1955;52.94.225.248;http:;S;1421713785:1421713905; ;512; ; ; ;120:
07:48:32.672263; ;128.1.77.226.1956;52.94.225.248;http:;S;1166549800:1166549920; ;512; ; ; ;120:
07:48:32.672280; ;128.1.77.226.unix-status;52.94.225.248;http:;S;727759057:727759177; ;512; ; ; ;120:
07:48:32.672297; ;128.1.77.226.log-server;52.94.225.248;http:;S;2048283158:2048283278; ;512; ; ; ;120:
07:48:32.672314; ;128.1.77.226.remoteping;52.94.225.248;http:;S;142515179:142515299; ;512; ; ; ;120:
07:48:32.672331; ;128.1.77.226.1960;52.94.225.248;http:;S;565565884:565566004; ;512; ; ; ;120:
07:48:32.672348; ;128.1.77.226.1961;52.94.225.248;http:;S;902665632:902665752; ;512; ; ; ;120:
07:48:32.672365; ;128.1.77.226.1962;52.94.225.248;http:;S;2002283105:2002283225; ;512; ; ; ;120:
07:48:32.672384; ;128.1.77.226.1963;52.94.225.248;http:;S;1766335218:1766335338; ;512; ; ; ;120:
07:48:32.672401; ;128.1.77.226.1964;52.94.225.248;http:;S;924215178:924215298; ;512; ; ; ;120:
07:48:32.672417; ;128.1.77.226.1965;52.94.225.248;http:;S;856093776:856093896; ;512; ; ; ;120:
07:48:32.672434; ;128.1.77.226.1966;52.94.225.248;http:;S;1558347994:1558348114; ;512; ; ; ;120:
07:48:32.672451; ;128.1.77.226.1967;52.94.225.248;http:;S;893555193:893555313; ;512; ; ; ;120:
07:48:32.672477; ;128.1.77.226.1968;52.94.225.248;http:;S;1375788043:1375788163; ;512; ; ; ;120:
07:48:32.672497; ;128.1.77.226.1969;52.94.225.248;http:;S;105553307:105553427; ;512; ; ; ;120:
07:48:32.672517; ;128.1.77.226.1970;52.94.225.248;http:;S;1734552215:1734552335; ;512; ; ; ;120:
07:48:32.672536; ;128.1.77.226.1971;52.94.225.248;http:;S;466688008:466688128; ;512; ; ; ;120:
07:48:32.672556; ;128.1.77.226.1972;52.94.225.248;http:;S;1540091907:1540092027; ;512; ; ; ;120:
07:48:32.672573; ;128.1.77.226.1973;52.94.225.248;http:;S;1176067101:1176067221; ;512; ; ; ;120:
07:48:32.672589; ;128.1.77.226.1974;52.94.225.248;http:;S;1186655133:1186655253; ;512; ; ; ;120:
07:48:32.672606; ;128.1.77.226.1975;52.94.225.248;http:;S;1661482076:1661482196; ;512; ; ; ;120:
07:48:32.672622; ;128.1.77.226.1976;52.94.225.248;http:;S;904105912:904106032; ;512; ; ; ;120:
07:48:32.672639; ;128.1.77.226.1977;52.94.225.248;http:;S;1441370624:1441370744; ;512; ; ; ;120:
07:48:32.672655; ;128.1.77.226.1978;52.94.225.248;http:;S;1214929973:1214930093; ;512; ; ; ;120:
07:48:32.672672; ;128.1.77.226.1979;52.94.225.248;http:;S;869863674:869863794; ;512; ; ; ;120:
07:48:32.672689; ;128.1.77.226.1980;52.94.225.248;http:;S;2104439890:2104440010; ;512; ; ; ;120:
07:48:32.672705; ;128.1.77.226.1981;52.94.225.248;http:;S;571545751:571545871; ;512; ; ; ;120:
07:48:32.672721; ;128.1.77.226.1982;52.94.225.248;http:;S;538614830:538614950; ;512; ; ; ;120:
07:48:32.672738; ;128.1.77.226.1983;52.94.225.248;http:;S;922327849:922327969; ;512; ; ; ;120:
07:48:32.672754; ;128.1.77.226.1984;52.94.225.248;http:;S;1122193171:1122193291; ;512; ; ; ;120:
07:48:32.672778; ;128.1.77.226.1985;52.94.225.248;http:;S;974292982:974293102; ;512; ; ; ;120:
07:48:32.672803; ;128.1.77.226.1986;52.94.225.248;http:;S;1900341068:1900341188; ;512; ; ; ;120:
07:48:32.672821; ;128.1.77.226.1987;52.94.225.248;http:;S;771919932:771920052; ;512; ; ; ;120:
07:48:32.672838; ;128.1.77.226.1988;52.94.225.248;http:;S;464272281:464272401; ;512; ; ; ;120:
07:48:32.672855; ;128.1.77.226.1989;52.94.225.248;http:;S;878197625:878197745; ;512; ; ; ;120:
07:48:32.672872; ;128.1.77.226.1990;52.94.225.248;http:;S;8727494:8727614; ;512; ; ; ;120:
07:48:32.672888; ;128.1.77.226.1991;52.94.225.248;http:;S;568911422:568911542; ;512; ; ; ;120:
07:48:32.672905; ;128.1.77.226.1992;52.94.225.248;http:;S;1313931393:1313931513; ;512; ; ; ;120:
07:48:32.672921; ;128.1.77.226.1993;52.94.225.248;http:;S;2098586864:2098586984; ;512; ; ; ;120:
07:48:32.672938; ;128.1.77.226.1994;52.94.225.248;http:;S;394245758:394245878; ;512; ; ; ;120:
07:48:32.672954; ;128.1.77.226.1995;52.94.225.248;http:;S;1420090548:1420090668; ;512; ; ; ;120:
07:48:32.672971; ;128.1.77.226.1996;52.94.225.248;http:;S;1737247714:1737247834; ;512; ; ; ;120:
07:48:32.672988; ;128.1.77.226.1997;52.94.225.248;http:;S;756581604:756581724; ;512; ; ; ;120:
07:48:32.673004; ;128.1.77.226.1998;52.94.225.248;http:;S;1519131058:1519131178; ;512; ; ; ;120:
07:48:32.673021; ;128.1.77.226.1999;52.94.225.248;http:;S;1105716823:1105716943; ;512; ; ; ;120:
07:48:32.673037; ;128.1.77.226.cisco-sccp;52.94.225.248;http:;S;1769375856:1769375976; ;512; ; ; ;120:
07:48:32.673054; ;128.1.77.226.2001;52.94.225.248;http:;S;949693075:949693195; ;512; ; ; ;120:
07:48:32.673070; ;128.1.77.226.2002;52.94.225.248;http:;S;1260840136:1260840256; ;512; ; ; ;120:
07:48:32.673087; ;128.1.77.226.cfinger;52.94.225.248;http:;S;2095425300:2095425420; ;512; ; ; ;120:
07:48:32.673104; ;128.1.77.226.2004;52.94.225.248;http:;S;334548371:334548491; ;512; ; ; ;120:
07:48:32.673120; ;128.1.77.226.2005;52.94.225.248;http:;S;1459831779:1459831899; ;512; ; ; ;120:
07:48:32.673137; ;128.1.77.226.2006;52.94.225.248;http:;S;690306656:690306776; ;512; ; ; ;120:
07:48:32.673153; ;128.1.77.226.2007;52.94.225.248;http:;S;1077562564:1077562684; ;512; ; ; ;120:
07:48:32.673170; ;128.1.77.226.2008;52.94.225.248;http:;S;1915486477:1915486597; ;512; ; ; ;120:
07:48:32.673186; ;128.1.77.226.2009;52.94.225.248;http:;S;124041074:124041194; ;512; ; ; ;120:
07:48:32.673203; ;128.1.77.226.search;52.94.225.248;http:;S;868057325:868057445; ;512; ; ; ;120:
07:48:32.673219; ;128.1.77.226.2011;52.94.225.248;http:;S;1957007823:1957007943; ;512; ; ; ;120:
07:48:32.673236; ;128.1.77.226.2012;52.94.225.248;http:;S;1814954671:1814954791; ;512; ; ; ;120:
07:48:32.673252; ;128.1.77.226.2013;52.94.225.248;http:;S;980512701:980512821; ;512; ; ; ;120:
07:48:32.673269; ;128.1.77.226.2014;52.94.225.248;http:;S;376009761:376009881; ;512; ; ; ;120:
07:48:32.673285; ;128.1.77.226.2015;52.94.225.248;http:;S;1123639023:1123639143; ;512; ; ; ;120:
07:48:32.673301; ;128.1.77.226.2016;52.94.225.248;http:;S;2050209821:2050209941; ;512; ; ; ;120:
07:48:32.673320; ;128.1.77.226.2017;52.94.225.248;http:;S;761095928:761096048; ;512; ; ; ;120:
07:48:32.673337; ;128.1.77.226.2018;52.94.225.248;http:;S;175700924:175701044; ;512; ; ; ;120:
07:48:32.673353; ;128.1.77.226.2019;52.94.225.248;http:;S;758297091:758297211; ;512; ; ; ;120:
07:48:32.673370; ;128.1.77.226.2020;52.94.225.248;http:;S;1239598405:1239598525; ;512; ; ; ;120:
07:48:32.673398; ;128.1.77.226.2021;52.94.225.248;http:;S;1628332361:1628332481; ;512; ; ; ;120:
07:48:32.673418; ;128.1.77.226.2022;52.94.225.248;http:;S;345926733:345926853; ;512; ; ; ;120:
07:48:32.673438; ;128.1.77.226.2023;52.94.225.248;http:;S;853796564:853796684; ;512; ; ; ;120:
07:48:32.673457; ;128.1.77.226.2024;52.94.225.248;http:;S;955561421:955561541; ;512; ; ; ;120:
07:48:32.673476; ;128.1.77.226.2025;52.94.225.248;http:;S;1045467062:1045467182; ;512; ; ; ;120:
07:48:32.673496; ;128.1.77.226.2026;52.94.225.248;http:;S;396120388:396120508; ;512; ; ; ;120:
07:48:32.673512; ;128.1.77.226.2027;52.94.225.248;http:;S;744769113:744769233; ;512; ; ; ;120:
07:48:32.673529; ;128.1.77.226.2028;52.94.225.248;http:;S;700511193:700511313; ;512; ; ; ;120:
07:48:32.673545; ;128.1.77.226.2029;52.94.225.248;http:;S;1782477686:1782477806; ;512; ; ; ;120:
07:48:32.673562; ;128.1.77.226.2030;52.94.225.248;http:;S;801418120:801418240; ;512; ; ; ;120:
07:48:32.673578; ;128.1.77.226.2031;52.94.225.248;http:;S;1674191998:1674192118; ;512; ; ; ;120:
07:48:32.673594; ;128.1.77.226.2032;52.94.225.248;http:;S;1055525099:1055525219; ;512; ; ; ;120:
07:48:32.673611; ;128.1.77.226.2033;52.94.225.248;http:;S;206257561:206257681; ;512; ; ; ;120:
07:48:32.673627; ;128.1.77.226.2034;52.94.225.248;http:;S;1221814682:1221814802; ;512; ; ; ;120:
07:48:32.673644; ;128.1.77.226.2035;52.94.225.248;http:;S;141777539:141777659; ;512; ; ; ;120:
07:48:32.673660; ;128.1.77.226.2036;52.94.225.248;http:;S;573461557:573461677; ;512; ; ; ;120:
07:48:32.673677; ;128.1.77.226.2037;52.94.225.248;http:;S;1059689746:1059689866; ;512; ; ; ;120:
07:48:32.673693; ;128.1.77.226.2038;52.94.225.248;http:;S;530541022:530541142; ;512; ; ; ;120:
07:48:32.673710; ;128.1.77.226.2039;52.94.225.248;http:;S;901501861:901501981; ;512; ; ; ;120:
07:48:32.673726; ;128.1.77.226.2040;52.94.225.248;http:;S;149129691:149129811; ;512; ; ; ;120:
07:48:32.673742; ;128.1.77.226.2041;52.94.225.248;http:;S;1288965485:1288965605; ;512; ; ; ;120:
07:48:32.673759; ;128.1.77.226.2042;52.94.225.248;http:;S;1983049769:1983049889; ;512; ; ; ;120:
07:48:32.673776; ;128.1.77.226.2043;52.94.225.248;http:;S;1898853567:1898853687; ;512; ; ; ;120:
07:48:32.673792; ;128.1.77.226.2044;52.94.225.248;http:;S;2016889580:2016889700; ;512; ; ; ;120:
07:48:32.673809; ;128.1.77.226.2045;52.94.225.248;http:;S;565683921:565684041; ;512; ; ; ;120:
07:48:32.673825; ;128.1.77.226.2046;52.94.225.248;http:;S;816359261:816359381; ;512; ; ; ;120:
07:48:32.673841; ;128.1.77.226.2047;52.94.225.248;http:;S;524158125:524158245; ;512; ; ; ;120:
07:48:32.673858; ;128.1.77.226.2048;52.94.225.248;http:;S;450176443:450176563; ;512; ; ; ;120:
07:48:32.673874; ;128.1.77.226.nfs;52.94.225.248;http:;S;770115138:770115258; ;512; ; ; ;120:
07:48:32.673891; ;128.1.77.226.2050;52.94.225.248;http:;S;94787653:94787773; ;512; ; ; ;120:
07:48:32.673907; ;128.1.77.226.2051;52.94.225.248;http:;S;1811276042:1811276162; ;512; ; ; ;120:
07:48:32.673924; ;128.1.77.226.2052;52.94.225.248;http:;S;1105461722:1105461842; ;512; ; ; ;120:
07:48:32.673941; ;128.1.77.226.knetd;52.94.225.248;http:;S;470755073:470755193; ;512; ; ; ;120:
07:48:32.673957; ;128.1.77.226.2054;52.94.225.248;http:;S;760952661:760952781; ;512; ; ; ;120:
07:48:32.673973; ;128.1.77.226.2055;52.94.225.248;http:;S;784132257:784132377; ;512; ; ; ;120:
07:48:32.673990; ;128.1.77.226.2056;52.94.225.248;http:;S;1585760925:1585761045; ;512; ; ; ;120:
07:48:32.674006; ;128.1.77.226.2057;52.94.225.248;http:;S;1414475405:1414475525; ;512; ; ; ;120:
07:48:32.674023; ;128.1.77.226.2058;52.94.225.248;http:;S;1015044811:1015044931; ;512; ; ; ;120:
07:48:32.674039; ;128.1.77.226.2059;52.94.225.248;http:;S;1087980335:1087980455; ;512; ; ; ;120:
07:48:32.674056; ;128.1.77.226.2060;52.94.225.248;http:;S;1268276017:1268276137; ;512; ; ; ;120:
07:48:32.674072; ;128.1.77.226.2061;52.94.225.248;http:;S;209866329:209866449; ;512; ; ; ;120:
07:48:32.674089; ;128.1.77.226.2062;52.94.225.248;http:;S;1734426916:1734427036; ;512; ; ; ;120:
07:48:32.674105; ;128.1.77.226.2063;52.94.225.248;http:;S;455031934:455032054; ;512; ; ; ;120:
07:48:32.674121; ;128.1.77.226.2064;52.94.225.248;http:;S;872906240:872906360; ;512; ; ; ;120:
07:48:32.674138; ;128.1.77.226.2065;52.94.225.248;http:;S;2062380868:2062380988; ;512; ; ; ;120:
07:48:32.674155; ;128.1.77.226.2066;52.94.225.248;http:;S;2017749710:2017749830; ;512; ; ; ;120:
07:48:32.674171; ;128.1.77.226.2067;52.94.225.248;http:;S;1312474323:1312474443; ;512; ; ; ;120:
07:48:32.674188; ;128.1.77.226.2068;52.94.225.248;http:;S;1006244454:1006244574; ;512; ; ; ;120:
07:48:32.674205; ;128.1.77.226.2069;52.94.225.248;http:;S;1629601124:1629601244; ;512; ; ; ;120:
07:48:32.674221; ;128.1.77.226.2070;52.94.225.248;http:;S;1936562547:1936562667; ;512; ; ; ;120:
07:48:32.674238; ;128.1.77.226.2071;52.94.225.248;http:;S;2076258414:2076258534; ;512; ; ; ;120:
07:48:32.674255; ;128.1.77.226.2072;52.94.225.248;http:;S;1190170563:1190170683; ;512; ; ; ;120:
07:48:32.674271; ;128.1.77.226.2073;52.94.225.248;http:;S;1261348763:1261348883; ;512; ; ; ;120:
07:48:32.674296; ;128.1.77.226.2074;52.94.225.248;http:;S;2041162932:2041163052; ;512; ; ; ;120:
07:48:32.674316; ;128.1.77.226.2075;52.94.225.248;http:;S;1251535354:1251535474; ;512; ; ; ;120:
07:48:32.674336; ;128.1.77.226.2076;52.94.225.248;http:;S;1605633599:1605633719; ;512; ; ; ;120:
07:48:32.674355; ;128.1.77.226.2077;52.94.225.248;http:;S;1772333280:1772333400; ;512; ; ; ;120:
07:48:32.674374; ;128.1.77.226.2078;52.94.225.248;http:;S;128308873:128308993; ;512; ; ; ;120:
07:48:32.674393; ;128.1.77.226.2079;52.94.225.248;http:;S;1418704119:1418704239; ;512; ; ; ;120:
07:48:32.674412; ;128.1.77.226.2080;52.94.225.248;http:;S;2118666858:2118666978; ;512; ; ; ;120:
07:48:32.674429; ;128.1.77.226.2081;52.94.225.248;http:;S;175501097:175501217; ;512; ; ; ;120:
07:48:32.674445; ;128.1.77.226.2082;52.94.225.248;http:;S;1695450174:1695450294; ;512; ; ; ;120:
07:48:32.674462; ;128.1.77.226.2083;52.94.225.248;http:;S;1341524867:1341524987; ;512; ; ; ;120:
07:48:32.674478; ;128.1.77.226.2084;52.94.225.248;http:;S;1731963898:1731964018; ;512; ; ; ;120:
07:48:32.674495; ;128.1.77.226.2085;52.94.225.248;http:;S;1480236279:1480236399; ;512; ; ; ;120:
07:48:32.674511; ;128.1.77.226.gnunet;52.94.225.248;http:;S;1370474268:1370474388; ;512; ; ; ;120:
07:48:32.674527; ;128.1.77.226.2087;52.94.225.248;http:;S;840955142:840955262; ;512; ; ; ;120:
07:48:32.674544; ;128.1.77.226.2088;52.94.225.248;http:;S;1306154308:1306154428; ;512; ; ; ;120:
07:48:32.674573; ;128.1.77.226.2089;52.94.225.248;http:;S;1633632927:1633633047; ;512; ; ; ;120:
07:48:32.674590; ;128.1.77.226.2090;52.94.225.248;http:;S;763887688:763887808; ;512; ; ; ;120:
07:48:32.674607; ;128.1.77.226.2091;52.94.225.248;http:;S;2112678256:2112678376; ;512; ; ; ;120:
07:48:32.674624; ;128.1.77.226.2092;52.94.225.248;http:;S;1594903664:1594903784; ;512; ; ; ;120:
07:48:32.674640; ;128.1.77.226.2093;52.94.225.248;http:;S;944990828:944990948; ;512; ; ; ;120:
07:48:32.674657; ;128.1.77.226.2094;52.94.225.248;http:;S;617971682:617971802; ;512; ; ; ;120:
07:48:32.674673; ;128.1.77.226.2095;52.94.225.248;http:;S;1486752466:1486752586; ;512; ; ; ;120:
07:48:32.674690; ;128.1.77.226.2096;52.94.225.248;http:;S;1318746753:1318746873; ;512; ; ; ;120:
07:48:32.674706; ;128.1.77.226.2097;52.94.225.248;http:;S;2131704252:2131704372; ;512; ; ; ;120:
07:48:32.674723; ;128.1.77.226.2098;52.94.225.248;http:;S;943131992:943132112; ;512; ; ; ;120:
07:48:32.674739; ;128.1.77.226.2099;52.94.225.248;http:;S;906758075:906758195; ;512; ; ; ;120:
07:48:32.674756; ;128.1.77.226.2100;52.94.225.248;http:;S;1504699976:1504700096; ;512; ; ; ;120:
07:48:32.674773; ;128.1.77.226.rtcm-sc104;52.94.225.248;http:;S;378552946:378553066; ;512; ; ; ;120:
07:48:32.674789; ;128.1.77.226.2102;52.94.225.248;http:;S;1752059049:1752059169; ;512; ; ; ;120:
07:48:32.674806; ;128.1.77.226.2103;52.94.225.248;http:;S;372937903:372938023; ;512; ; ; ;120:
07:48:32.674822; ;128.1.77.226.2104;52.94.225.248;http:;S;1797505567:1797505687; ;512; ; ; ;120:
07:48:32.674839; ;128.1.77.226.eklogin;52.94.225.248;http:;S;1624474030:1624474150; ;512; ; ; ;120:
07:48:32.674855; ;128.1.77.226.2106;52.94.225.248;http:;S;1105378646:1105378766; ;512; ; ; ;120:
07:48:32.674872; ;128.1.77.226.2107;52.94.225.248;http:;S;1845853015:1845853135; ;512; ; ; ;120:
07:48:32.674888; ;128.1.77.226.2108;52.94.225.248;http:;S;1323263120:1323263240; ;512; ; ; ;120:
07:48:32.674905; ;128.1.77.226.2109;52.94.225.248;http:;S;1813401483:1813401603; ;512; ; ; ;120:
07:48:32.674922; ;128.1.77.226.2110;52.94.225.248;http:;S;440004927:440005047; ;512; ; ; ;120:
07:48:32.674938; ;128.1.77.226.kx;52.94.225.248;http:;S;1469223958:1469224078; ;512; ; ; ;120:
07:48:32.674955; ;128.1.77.226.2112;52.94.225.248;http:;S;781592379:781592499; ;512; ; ; ;120:
07:48:32.674972; ;128.1.77.226.2113;52.94.225.248;http:;S;72560363:72560483; ;512; ; ; ;120:
07:48:32.674988; ;128.1.77.226.2114;52.94.225.248;http:;S;683652778:683652898; ;512; ; ; ;120:
07:48:32.675005; ;128.1.77.226.2115;52.94.225.248;http:;S;51866226:51866346; ;512; ; ; ;120:
07:48:32.675090; ;BP-Linux8.ssh;192.168.190.222;61604:;P.;925:961;116;293;nopnopTS;136698216;2033250543;36
07:48:32.675185; ;BP-Linux8.ssh;192.168.190.222;61604:;P.;961:1201;116;293;nopnopTS;136698216;2033250543;240
07:48:32.675281; ;BP-Linux8.ssh;192.168.190.222;61604:;P.;1201:1313;116;293;nopnopTS;136698216;2033250543;112
07:48:32.675488; ;BP-Linux8.ssh;192.168.190.222;61604:;P.;1313:1381;116;293;nopnopTS;136698216;2033250543;68
07:48:32.676827; ;192.168.190.222.61604;BP-Linux8;ssh:;.; ;889;2046;nopnopTS;2033250549;136698215;0
07:48:32.676937; ;192.168.190.222.61604;BP-Linux8;ssh:;.; ;925;2045;nopnopTS;2033250549;136698215;0
07:48:32.680412; ;192.168.190.222.61604;BP-Linux8;ssh:;.; ;961;2047;nopnopTS;2033250552;136698216;0
07:48:32.680532; ;192.168.190.222.61604;BP-Linux8;ssh:;.; ;1201;2043;nopnopTS;2033250552;136698216;0
07:48:32.680550; ;192.168.190.222.61604;BP-Linux8;ssh:;.; ;1313;2046;nopnopTS;2033250552;136698216;0
07:48:32.680655; ;192.168.190.222.61604;BP-Linux8;ssh:;.; ;1381;2046;nopnopTS;2033250552;136698216;0
07:48:33.302595; ;BP-Linux8;192.168.115;255:; ;9; ; ; ; ; ;64
07:48:33.303107; ;192.168.115.2;;BP-Linux8:; ;9; ; ; ; ; ;64
07:48:33.303183; ;BP-Linux8.ssh;192.168.190.222;61613:;P.;1113:1213;36;291;nopnopTS;136698373;2033250183;100
07:48:33.308451; ;192.168.190.222.61613;BP-Linux8;ssh:;.; ;1213;2046;nopnopTS;2033251173;136698373;0
07:48:33.666547; ;BP-Linux8.44238;ns1.lan.rt;domain:; ; ; ; ; ; ; ; 
07:48:33.693646; ;ns1.lan.rt.domain;BP-Linux8;44238:; ; ; ; ; ; ; ; 
07:48:34.302594; ;BP-Linux8;192.168.115;255:; ;10; ; ; ; ; ;64
07:48:34.303113; ;192.168.115.2;;BP-Linux8:; ;10; ; ; ; ; ;64
07:48:34.303190; ;BP-Linux8.ssh;192.168.190.222;61613:;P.;1213:1313;36;291;nopnopTS;136698623;2033251173;100
07:48:34.308520; ;192.168.190.222.61613;BP-Linux8;ssh:;.; ;1313;2046;nopnopTS;2033252157;136698623;0
07:48:35.302594; ;BP-Linux8;192.168.115;255:; ;11; ; ; ; ; ;64
07:48:35.303173; ;192.168.115.2;;BP-Linux8:; ;11; ; ; ; ; ;64
07:48:35.303250; ;BP-Linux8.ssh;192.168.190.222;61613:;P.;1313:1413;36;291;nopnopTS;136698873;2033252157;100
07:48:35.308626; ;192.168.190.222.61613;BP-Linux8;ssh:;.; ;1413;2046;nopnopTS;2033253135;136698873;0
07:48:36.302593; ;BP-Linux8;192.168.115;255:; ;12; ; ; ; ; ;64
07:48:36.303103; ;192.168.115.2;;BP-Linux8:; ;12; ; ; ; ; ;64
07:48:36.303182; ;BP-Linux8.ssh;192.168.190.222;61613:;P.;1413:1513;36;291;nopnopTS;136699123;2033253135;100
07:48:36.308472; ;192.168.190.222.61613;BP-Linux8;ssh:;.; ;1513;2046;nopnopTS;2033254112;136699123;0
07:48:37.302595; ;BP-Linux8;192.168.115;255:; ;13; ; ; ; ; ;64
07:48:37.303143; ;192.168.115.2;;BP-Linux8:; ;13; ; ; ; ; ;64
07:48:37.303219; ;BP-Linux8.ssh;192.168.190.222;61613:;P.;1513:1613;36;291;nopnopTS;136699373;2033254112;100
07:48:37.308562; ;192.168.190.222.61613;BP-Linux8;ssh:;.; ;1613;2046;nopnopTS;2033255097;136699373;0
07:48:38.302594; ;BP-Linux8;192.168.115;255:; ;14; ; ; ; ; ;64
07:48:38.303102; ;192.168.115.2;;BP-Linux8:; ;14; ; ; ; ; ;64
07:48:38.303179; ;BP-Linux8.ssh;192.168.190.222;61613:;P.;1613:1713;36;291;nopnopTS;136699623;2033255097;100
07:48:38.308701; ;192.168.190.222.61613;BP-Linux8;ssh:;.; ;1713;2046;nopnopTS;2033256095;136699623;0
07:48:39.302593; ;BP-Linux8;192.168.115;255:; ;15; ; ; ; ; ;64
07:48:39.303103; ;192.168.115.2;;BP-Linux8:; ;15; ; ; ; ; ;64
07:48:39.303187; ;BP-Linux8.ssh;192.168.190.222;61613:;P.;1713:1813;36;291;nopnopTS;136699873;2033256095;100
07:48:39.308665; ;192.168.190.222.61613;BP-Linux8;ssh:;.; ;1813;2046;nopnopTS;2033257093;136699873;0
07:48:40.302594; ;BP-Linux8;192.168.115;255:; ;16; ; ; ; ; ;64
07:48:40.303161; ;192.168.115.2;;BP-Linux8:; ;16; ; ; ; ; ;64
07:48:40.303237; ;BP-Linux8.ssh;192.168.190.222;61613:;P.;1813:1913;36;291;nopnopTS;136700123;2033257093;100
07:48:40.308681; ;192.168.190.222.61613;BP-Linux8;ssh:;.; ;1913;2046;nopnopTS;2033258092;136700123;0
07:48:41.302603; ;BP-Linux8;192.168.115;255:; ;17; ; ; ; ; ;64
07:48:41.303116; ;192.168.115.2;;BP-Linux8:; ;17; ; ; ; ; ;64
07:48:41.303202; ;BP-Linux8.ssh;192.168.190.222;61613:;P.;1913:2013;36;291;nopnopTS;136700373;2033258092;100
07:48:41.308781; ;192.168.190.222.61613;BP-Linux8;ssh:;.; ;2013;2046;nopnopTS;2033259090;136700373;0
07:48:42.302593; ;BP-Linux8;192.168.115;255:; ;18; ; ; ; ; ;64
07:48:42.303128; ;192.168.115.2;;BP-Linux8:; ;18; ; ; ; ; ;64
07:48:42.303205; ;BP-Linux8.ssh;192.168.190.222;61613:;P.;2013:2113;36;291;nopnopTS;136700623;2033259090;100
07:48:42.308630; ;192.168.190.222.61613;BP-Linux8;ssh:;.; ;2113;2046;nopnopTS;2033260088;136700623;0
07:48:43.302595; ;BP-Linux8;192.168.115;255:; ;19; ; ; ; ; ;64
07:48:43.303101; ;192.168.115.2;;BP-Linux8:; ;19; ; ; ; ; ;64
07:48:43.303180; ;BP-Linux8.ssh;192.168.190.222;61613:;P.;2113:2213;36;291;nopnopTS;136700873;2033260088;100
07:48:43.308654; ;192.168.190.222.61613;BP-Linux8;ssh:;.; ;2213;2046;nopnopTS;2033261086;136700873;0
07:48:44.302587; ;BP-Linux8;192.168.115;255:; ;20; ; ; ; ; ;64
07:48:44.303095; ;192.168.115.2;;BP-Linux8:; ;20; ; ; ; ; ;64
07:48:44.303177; ;BP-Linux8.ssh;192.168.190.222;61613:;P.;2213:2313;36;291;nopnopTS;136701123;2033261086;100
07:48:44.308733; ;192.168.190.222.61613;BP-Linux8;ssh:;.; ;2313;2046;nopnopTS;2033262084;136701123;0
07:48:45.302593; ;BP-Linux8;192.168.115;255:; ;21; ; ; ; ; ;64
07:48:45.303155; ;192.168.115.2;;BP-Linux8:; ;21; ; ; ; ; ;64
07:48:45.303230; ;BP-Linux8.ssh;192.168.190.222;61613:;P.;2313:2413;36;291;nopnopTS;136701373;2033262084;100
07:48:45.308603; ;192.168.190.222.61613;BP-Linux8;ssh:;.; ;2413;2046;nopnopTS;2033263083;136701373;0
07:48:46.302593; ;BP-Linux8;192.168.115;255:; ;22; ; ; ; ; ;64
07:48:46.303109; ;192.168.115.2;;BP-Linux8:; ;22; ; ; ; ; ;64
07:48:46.303184; ;BP-Linux8.ssh;192.168.190.222;61613:;P.;2413:2513;36;291;nopnopTS;136701623;2033263083;100
07:48:46.308531; ;192.168.190.222.61613;BP-Linux8;ssh:;.; ;2513;2046;nopnopTS;2033264075;136701623;0
07:48:47.302596; ;BP-Linux8;192.168.115;255:; ;23; ; ; ; ; ;64
07:48:47.303124; ;192.168.115.2;;BP-Linux8:; ;23; ; ; ; ; ;64
07:48:47.303205; ;BP-Linux8.ssh;192.168.190.222;61613:;P.;2513:2613;36;291;nopnopTS;136701873;2033264075;100
07:48:47.308668; ;192.168.190.222.61613;BP-Linux8;ssh:;.; ;2613;2046;nopnopTS;2033265073;136701873;0
07:48:48.302593; ;BP-Linux8;192.168.115;255:; ;24; ; ; ; ; ;64
07:48:48.303114; ;192.168.115.2;;BP-Linux8:; ;24; ; ; ; ; ;64
07:48:48.303189; ;BP-Linux8.ssh;192.168.190.222;61613:;P.;2613:2713;36;291;nopnopTS;136702123;2033265073;100
07:48:48.308707; ;192.168.190.222.61613;BP-Linux8;ssh:;.; ;2713;2046;nopnopTS;2033266072;136702123;0
07:48:49.302593; ;BP-Linux8;192.168.115;255:; ;25; ; ; ; ; ;64
07:48:49.303083; ;192.168.115.2;;BP-Linux8:; ;25; ; ; ; ; ;64
07:48:49.303158; ;BP-Linux8.ssh;192.168.190.222;61613:;P.;2713:2813;36;291;nopnopTS;136702373;2033266072;100
07:48:49.308608; ;192.168.190.222.61613;BP-Linux8;ssh:;.; ;2813;2046;nopnopTS;2033267069;136702373;0
07:48:50.302591; ;BP-Linux8;192.168.115;255:; ;26; ; ; ; ; ;64
07:48:50.303166; ;192.168.115.2;;BP-Linux8:; ;26; ; ; ; ; ;64
07:48:50.303240; ;BP-Linux8.ssh;192.168.190.222;61613:;P.;2813:2913;36;291;nopnopTS;136702623;2033267069;100
07:48:50.308739; ;192.168.190.222.61613;BP-Linux8;ssh:;.; ;2913;2046;nopnopTS;2033268069;136702623;0
07:48:51.302591; ;BP-Linux8;192.168.115;255:; ;27; ; ; ; ; ;64
07:48:51.303231; ;192.168.115.2;;BP-Linux8:; ;27; ; ; ; ; ;64
07:48:51.303308; ;BP-Linux8.ssh;192.168.190.222;61613:;P.;2913:3013;36;291;nopnopTS;136702873;2033268069;100
07:48:51.308735; ;192.168.190.222.61613;BP-Linux8;ssh:;.; ;3013;2046;nopnopTS;2033269064;136702873;0
07:48:52.302599; ;BP-Linux8;192.168.115;255:; ;28; ; ; ; ; ;64
07:48:52.303136; ;192.168.115.2;;BP-Linux8:; ;28; ; ; ; ; ;64
07:48:52.303214; ;BP-Linux8.ssh;192.168.190.222;61613:;P.;3013:3113;36;291;nopnopTS;136703123;2033269064;100
07:48:52.308658; ;192.168.190.222.61613;BP-Linux8;ssh:;.; ;3113;2046;nopnopTS;2033270062;136703123;0
07:48:53.302594; ;BP-Linux8;192.168.115;255:; ;29; ; ; ; ; ;64
07:48:53.303239; ;192.168.115.2;;BP-Linux8:; ;29; ; ; ; ; ;64
07:48:53.303311; ;BP-Linux8.ssh;192.168.190.222;61613:;P.;3113:3213;36;291;nopnopTS;136703373;2033270062;100
07:48:53.308718; ;192.168.190.222.61613;BP-Linux8;ssh:;.; ;3213;2046;nopnopTS;2033271062;136703373;0
07:48:54.302593; ;BP-Linux8;192.168.115;255:; ;30; ; ; ; ; ;64
07:48:54.303092; ;192.168.115.2;;BP-Linux8:; ;30; ; ; ; ; ;64
07:48:54.303181; ;BP-Linux8.ssh;192.168.190.222;61613:;P.;3213:3313;36;291;nopnopTS;136703623;2033271062;100
07:48:54.308616; ;192.168.190.222.61613;BP-Linux8;ssh:;.; ;3313;2046;nopnopTS;2033272061;136703623;0
07:48:55.302591; ;BP-Linux8;192.168.115;255:; ;31; ; ; ; ; ;64
07:48:55.303258; ;192.168.115.2;;BP-Linux8:; ;31; ; ; ; ; ;64
07:48:55.303347; ;BP-Linux8.ssh;192.168.190.222;61613:;P.;3313:3413;36;291;nopnopTS;136703873;2033272061;100
07:48:55.308811; ;192.168.190.222.61613;BP-Linux8;ssh:;.; ;3413;2046;nopnopTS;2033273060;136703873;0
07:48:56.302594; ;BP-Linux8;192.168.115;255:; ;32; ; ; ; ; ;64
07:48:56.303120; ;192.168.115.2;;BP-Linux8:; ;32; ; ; ; ; ;64
07:48:56.303197; ;BP-Linux8.ssh;192.168.190.222;61613:;P.;3413:3513;36;291;nopnopTS;136704123;2033273060;100
07:48:56.308591; ;192.168.190.222.61613;BP-Linux8;ssh:;.; ;3513;2046;nopnopTS;2033274058;136704123;0
07:48:57.302601; ;BP-Linux8;192.168.115;255:; ;33; ; ; ; ; ;64
07:48:57.303269; ;192.168.115.2;;BP-Linux8:; ;33; ; ; ; ; ;64
07:48:57.303353; ;BP-Linux8.ssh;192.168.190.222;61613:;P.;3513:3613;36;291;nopnopTS;136704373;2033274058;100
07:48:57.308664; ;192.168.190.222.61613;BP-Linux8;ssh:;.; ;3613;2046;nopnopTS;2033275057;136704373;0
07:48:58.302592; ;BP-Linux8;192.168.115;255:; ;34; ; ; ; ; ;64
07:48:58.303106; ;192.168.115.2;;BP-Linux8:; ;34; ; ; ; ; ;64
07:48:58.303182; ;BP-Linux8.ssh;192.168.190.222;61613:;P.;3613:3713;36;291;nopnopTS;136704623;2033275057;100
07:48:58.308634; ;192.168.190.222.61613;BP-Linux8;ssh:;.; ;3713;2046;nopnopTS;2033276056;136704623;0
07:48:59.302591; ;BP-Linux8;192.168.115;255:; ;35; ; ; ; ; ;64
07:48:59.303100; ;192.168.115.2;;BP-Linux8:; ;35; ; ; ; ; ;64
07:48:59.303177; ;BP-Linux8.ssh;192.168.190.222;61613:;P.;3713:3813;36;291;nopnopTS;136704873;2033276056;100
07:48:59.308596; ;192.168.190.222.61613;BP-Linux8;ssh:;.; ;3813;2046;nopnopTS;2033277054;136704873;0
